Tickers,Company Names
A UN Equity,AGILENT TECH INC
AA UN Equity,ALCOA INC
AAN UN Equity,AARON'S INC
AAON UW Equity,AAON INC
AAP UN Equity,ADVANCE AUTO PAR
AAPL UW Equity,APPLE INC
AAT UN Equity,AMERICAN ASSETS
AAWW UW Equity,ATLAS AIR WORLDW
ABAX UW Equity,ABAXIS INC
ABBV UN Equity,ABBVIE INC
ABC UN Equity,AMERISOURCEBERGE
ABCB UW Equity,AMERIS BANCORP
ABCO UW Equity,ADVISORY BOARD
ABFS UW Equity,ARKANSAS BEST
ABG UN Equity,ASBURY AUTO GRP
ABM UN Equity,ABM INDUSTRIES
ABMD UW Equity,ABIOMED INC
ABT UN Equity,ABBOTT LABS
ACAD UQ Equity,ACADIA PHARMACEU
ACAS UW Equity,AMERICAN CAPITAL
ACAT UW Equity,ARCTIC CAT INC
ACC UN Equity,AMERICAN CAMPUS
ACCL UW Equity,ACCELRYS INC
ACCO UN Equity,ACCO BRANDS CORP
ACE UN Equity,ACE LTD
ACET UW Equity,ACETO CORP
ACFN UQ Equity,ACORN ENERGY INC
ACGL UW Equity,ARCH CAPITAL GRP
ACHC UW Equity,ACADIA HEALTHCAR
ACHN UW Equity,ACHILLION PHARMA
ACI UN Equity,ARCH COAL INC
ACIW UW Equity,ACI WORLDWIDE IN
ACLS UW Equity,AXCELIS TECH INC
ACM UN Equity,AECOM TECHNOLOGY
ACN UN Equity,ACCENTURE PLC-A
ACO UN Equity,AMCOL INTL CORP
ACOR UW Equity,ACORDA THERAPEUT
ACRE UN Equity,ARES COMMERCIAL
ACRX UQ Equity,ACELRX PHARMA
ACT UN Equity,ACTAVIS PLC
ACTG UW Equity,ACACIA RESEARCH
ACTV UN Equity,ACTIVE NETWORK I
ACW UN Equity,ACCURIDE CORP
ACXM UW Equity,ACXIOM CORP
ADBE UW Equity,ADOBE SYS INC
ADC UN Equity,AGREE REALTY
ADES UR Equity,ADVANCED EMISSIO
ADI UW Equity,ANALOG DEVICES
ADM UN Equity,ARCHER-DANIELS
ADNC UW Equity,AUDIENCE INC
ADP UW Equity,AUTOMATIC DATA
ADS UN Equity,ALLIANCE DATA
ADSK UW Equity,AUTODESK INC
ADT UN Equity,ADT CORP/THE
ADTN UW Equity,ADTRAN INC
ADUS UQ Equity,ADDUS HOMECARE
ADVS UW Equity,ADVENT SOFTWARE
AE UA Equity,ADAMS RESOURCES
AEC UN Equity,ASSOC ESTATES
AEE UN Equity,AMEREN CORP
AEGN UW Equity,AEGION CORP
AEGR UW Equity,AEGERION PHARMAC
AEIS UW Equity,ADV ENERGY INDS
AEL UN Equity,AMER EQUITY INVT
AEO UN Equity,AMER EAGLE OUTF
AEP UN Equity,AMERICAN ELECTRI
AEPI UW Equity,AEP INDUSTRIES
AES UN Equity,AES CORP
AET UN Equity,AETNA INC
AF UN Equity,ASTORIA FINL
AFAM UW Equity,ALMOST FAMILY IN
AFCE UW Equity,AFC ENTERPRISES
AFFX UW Equity,AFFYMETRIX INC
AFG UN Equity,AMER FINL GROUP
AFL UN Equity,AFLAC INC
AFOP UR Equity,ALLIANCE FIBER
AFSI UW Equity,AMTRUST FIN SERV
AGCO UN Equity,AGCO CORP
AGII UW Equity,ARGO GROUP INTER
AGIO UW Equity,AGIOS PHARMACEUT
AGM UN Equity,FED AGRI MTG-C
AGN UN Equity,ALLERGAN INC
AGNC UW Equity,AMERICAN CAPITAL
AGO UN Equity,ASSURED GUARANTY
AGX UN Equity,ARGAN INC
AGYS UW Equity,AGILYSYS INC
AH UN Equity,ACCRETIVE HEALTH
AHC UN Equity,AH BELO CORP-A
AHH UN Equity,ARMADA HOFFLER P
AHL UN Equity,ASPEN INSURANCE
AHS UN Equity,AMN HEALTHCARE
AHT UN Equity,ASHFORD HOSPITAL
AI UN Equity,ARLINGTON ASSE-A
AIG UN Equity,AMERICAN INTERNA
AIMC UW Equity,ALTRA HOLDINGS I
AIN UN Equity,ALBANY INTL CORP
AINV UW Equity,APOLLO INV CORP
AIQ UQ Equity,ALLIANCE HEALTHC
AIR UN Equity,AAR CORP
AIRM UW Equity,AIR METHODS CORP
AIT UN Equity,APPLIED INDU TEC
AIV UN Equity,APARTMENT INVEST
AIZ UN Equity,ASSURANT INC
AJG UN Equity,ARTHUR J GALLAGH
AKAM UW Equity,AKAMAI TECHNOLOG
AKR UN Equity,ACADIA REALTY
AKRX UW Equity,AKORN INC
AKS UN Equity,AK STEEL HLDG
AL UN Equity,AIR LEASE C
ALB UN Equity,ALBEMARLE CORP
ALCO UW Equity,ALICO INC
ALE UN Equity,ALLETE INC
ALEX UN Equity,ALEXANDER & BALD
ALG UN Equity,ALAMO GROUP
ALGN UW Equity,ALIGN TECHNOLOGY
ALGT UW Equity,ALLEGIANT TRAVEL
ALIM UQ Equity,ALIMERA SCIENCES
ALJ UN Equity,ALON USA ENERGY
ALK UN Equity,ALASKA AIR GROUP
ALKS UW Equity,ALKERMES PLC
ALL UN Equity,ALLSTATE CORP
ALNY UW Equity,ALNYLAM PHARMACE
ALOG UW Equity,ANALOGIC CORP
ALR UN Equity,ALERE INC
ALSN UN Equity,ALLISON TRANSMIS
ALTR UW Equity,ALTERA CORP
ALX UN Equity,ALEXANDER'S INC
ALXN UW Equity,ALEXION PHARM
AMAG UW Equity,AMAG PHARMACEUTI
AMAT UW Equity,APPLIED MATERIAL
AMBA UW Equity,AMBARELLA INC
AMBC UW Equity,AMBAC FINANCIAL
AMCC UW Equity,APPLIED MICRO CI
AMCX UW Equity,AMC NETWORKS-A
AMD UN Equity,ADV MICRO DEVICE
AME UN Equity,AMETEK INC
AMED UW Equity,AMEDISYS INC
AMG UN Equity,AFFIL MANAGERS
AMGN UW Equity,AMGEN INC
AMH UN Equity,AMERICAN HOMES-A
AMKR UW Equity,AMKOR TECH INC
AMNB UW Equity,AMER NATL BNKSHS
AMP UN Equity,AMERIPRISE FINAN
AMPE UA Equity,AMPIO PHARMACEUT
AMRC UN Equity,AMERESCO INC-A
AMRE UN Equity,AMREIT INC
AMRI UW Equity,ALBANY MOLECULAR
AMRS UW Equity,AMYRIS INC
AMSC UW Equity,AMER SUPERCONDTR
AMSF UW Equity,AMERISAFE INC
AMSG UW Equity,AMSURG CORP
AMSWA UW Equity,AMER SOFTWARE-A
AMT UN Equity,AMERICAN TOWER C
AMTD UN Equity,TD AMERITRADE HO
AMTG UN Equity,APOLLO RESIDENTI
AMWD UW Equity,AMER WOODMARK CO
AMZN UW Equity,AMAZON.COM INC
AN UN Equity,AUTONATION INC
ANAC UQ Equity,ANACOR PHARMACEU
ANAD UW Equity,ANADIGICS INC
ANAT UW Equity,AMER NATL INSUR
ANCX UQ Equity,ACCESS NATL CORP
ANDE UW Equity,ANDERSONS INC
ANEN UW Equity,ANAREN INC
ANF UN Equity,ABERCROMBIE & FI
ANGI UQ Equity,ANGIE'S LIST INC
ANGO UW Equity,ANGIODYNAMICS IN
ANH UN Equity,ANWORTH MORTGAGE
ANIK UW Equity,ANIKA THERAPEUTI
ANN UN Equity,ANN INC
ANR UN Equity,ALPHA NATURAL RE
ANSS UW Equity,ANSYS INC
ANV UA Equity,ALLIED NEVADA GO
AOI UN Equity,ALLIANCE ONE INT
AOL UN Equity,AOL INC
AON UN Equity,AON PLC
AOS UN Equity,SMITH (A.O.)CORP
AOSL UW Equity,ALPHA & OMEGA SE
AP UN Equity,AMPCO-PITTSBURGH
APA UN Equity,APACHE CORP
APAGF UR Equity,APCO OIL AND GAS
APAM UN Equity,ARTISAN PARTNE-A
APC UN Equity,ANADARKO PETROLE
APD UN Equity,AIR PRODS & CHEM
APEI UW Equity,AMERICAN PUBLIC
APFC UQ Equity,AMER PAC CORP
APH UN Equity,AMPHENOL CORP-A
APOG UW Equity,APOGEE ENTERPR
APOL UW Equity,APOLLO GROUP-A
APP UA Equity,AMERICAN APPAREL
ARAY UW Equity,ACCURAY INC
ARC UN Equity,ARC DOCUMENT SOL
ARCC UW Equity,ARES CAPITAL COR
ARCP UW Equity,AMERICAN REALTY
ARDNA UQ Equity,ARDEN GROUP INC
ARE UN Equity,ALEXANDRIA REAL
AREX UW Equity,APPROACH RESOURC
ARG UN Equity,AIRGAS INC
ARI UN Equity,APOLLO COMMERCIA
ARIA UW Equity,ARIAD PHARM
ARII UW Equity,AMERICAN RAILCAR
ARNA UW Equity,ARENA PHARMACEUT
ARO UN Equity,AEROPOSTALE INC
AROW UW Equity,ARROW FINL CORP
ARPI UN Equity,AMERICAN RESIDEN
ARQL UQ Equity,ARQULE INC
ARR UN Equity,ARMOUR RESIDENTI
ARRS UW Equity,ARRIS GROUP INC
ARRY UQ Equity,ARRAY BIOPHARMA
ARSD UN Equity,ARABIAN AMER DEV
ARTC UW Equity,ARTHROCARE CORP
ARTNA UW Equity,ARTESIAN RES-A
ARUN UW Equity,ARUBA NETWORKS I
ARW UN Equity,ARROW ELECTRONIC
ARX UN Equity,AEROFLEX HOLDING
ASBC UW Equity,ASSOC BANC-CORP
ASCMA UW Equity,ASCENT CAPITAL-A
ASEI UW Equity,AMERICAN SCIENCE
ASGN UN Equity,ON ASSIGNMENT
ASH UN Equity,ASHLAND INC
ASNA UW Equity,ASCENA RETAIL GR
ASTE UW Equity,ASTEC INDUSTRIES
AT UN Equity,ATLANTIC POWER
ATEC UW Equity,ALPHATEC HOLDING
ATHL UN Equity,ATHLON ENERGY IN
ATHN UW Equity,ATHENAHEALTH INC
ATI UN Equity,ALLEGHENY TECH
ATK UN Equity,ALLIANT TECHSYS
ATLO UR Equity,AMES NATL CORP
ATMI UW Equity,ATMI INC
ATML UW Equity,ATMEL CORP
ATNI UW Equity,ATLANTIC TELE-NE
ATNY UR Equity,API TECHNOLOGIES
ATO UN Equity,ATMOS ENERGY
ATR UN Equity,APTARGROUP INC
ATRC UQ Equity,ATRICURE INC
ATRI UW Equity,ATRION CORP
ATRO UW Equity,ASTRONICS CORP
ATRS UR Equity,ANTARES PHARMA
ATSG UW Equity,AIR TRANSPORT SE
ATU UN Equity,ACTUANT CORP-A
ATVI UW Equity,ACTIVISION BLIZZ
ATW UN Equity,ATWOOD OCEANICS
ATX UQ Equity,COSTA INC
AUXL UW Equity,AUXILIUM PHARMAC
AVA UN Equity,AVISTA CORP
AVAV UW Equity,AEROVIRONMENT IN
AVB UN Equity,AVALONBAY COMMUN
AVD UN Equity,AMER VANGUARD
AVEO UW Equity,AVEO PHARMACEUTI
AVG UN Equity,AVG TECHNOLOGIES
AVGO UW Equity,AVAGO TECHNOLOGI
AVHI UW Equity,AV HOMES INC
AVID UW Equity,AVID TECHNOLOGY
AVIV UN Equity,AVIV REIT INC
AVNR UW Equity,AVANIR PHARM INC
AVNW UW Equity,AVIAT NETWORKS I
AVP UN Equity,AVON PRODUCTS
AVT UN Equity,AVNET INC
AVX UN Equity,AVX CORP
AVY UN Equity,AVERY DENNISON
AWAY UW Equity,HOMEAWAY INC
AWH UN Equity,ALLIED WORLD ASS
AWI UN Equity,ARMSTRONG WORLD
AWK UN Equity,AMERICAN WATER W
AWR UN Equity,AMER STATES WATE
AXAS UR Equity,ABRAXAS PETRO
AXDX UR Equity,ACCELERATE DIAGN
AXE UN Equity,ANIXTER INTL INC
AXL UN Equity,AMER AXLE & MFG
AXLL UN Equity,AXIALL CORP
AXP UN Equity,AMERICAN EXPRESS
AXS UN Equity,AXIS CAPITAL
AYI UN Equity,ACUITY BRANDS
AYR UN Equity,AIRCASTLE LTD
AZO UN Equity,AUTOZONE INC
AZPN UW Equity,ASPEN TECHNOLOGY
AZZ UN Equity,AZZ INC
B UN Equity,BARNES GROUP INC
BA UN Equity,BOEING CO/THE
BABY UW Equity,NATUS MEDICAL
BAC UN Equity,BANK OF AMERICA
BAGL UQ Equity,EINSTEIN NOAH RE
BAGR UR Equity,DIVERSIFIED REST
BAH UN Equity,BOOZ ALLEN HAMIL
BANC UQ Equity,BANC OF CALIFORN
BANF UW Equity,BANCFIRST CORP
BANR UW Equity,BANNER CORPORATI
BAS UN Equity,BASIC ENERGY SVS
BAX UN Equity,BAXTER INTL INC
BBBY UW Equity,BED BATH &BEYOND
BBCN UW Equity,BBCN BANCORP INC
BBG UN Equity,BILL BARRETT COR
BBGI UQ Equity,BEASLEY BROAD -A
BBNK UW Equity,BRIDGE CAPITAL H
BBOX UW Equity,BLACK BOX CORP
BBRG UW Equity,BRAVO BRIO RESTA
BBSI UW Equity,BARRETT BUS SVCS
BBT UN Equity,BB&T CORP
BBX UN Equity,BBX CAPITAL CORP
BBY UN Equity,BEST BUY CO INC
BC UN Equity,BRUNSWICK CORP
BCC UN Equity,BOISE CASCADE CO
BCEI UN Equity,BONANZA CREEK EN
BCO UN Equity,BRINK'S CO/THE
BCOR UW Equity,BLUCORA INC
BCOV UW Equity,BRIGHTCOVE
BCPC UW Equity,BALCHEM CORP
BCR UN Equity,CR BARD INC
BDBD UW Equity,BOULDER BRANDS I
BDC UN Equity,BELDEN INC
BDE UW Equity,BLACK DIAMOND IN
BDGE UW Equity,BRIDGE BANCORP
BDN UN Equity,BRANDYWINE RLTY
BDSI UR Equity,BIODELIVERY SCIE
BDX UN Equity,BECTON DICKINSON
BEAM UN Equity,BEAM INC
BEAV UW Equity,B/E AEROSPACE IN
BEBE UW Equity,BEBE STORES INC
BECN UW Equity,BEACON ROOFING S
BEE UN Equity,STRATEGIC HOTELS
BELFB UW Equity,BEL FUSE INC-B
BEN UN Equity,FRANKLIN RES INC
BERY UN Equity,BERRY PLASTICS G
BF/B UN Equity,BROWN-FORMAN -B
BFAM UN Equity,BRIGHT HORIZONS
BFIN UW Equity,BANKFINANCIAL
BFS UN Equity,SAUL CENTERS INC
BG UN Equity,BUNGE LTD
BGC UN Equity,GEN CABLE CORP
BGCP UW Equity,BGC PARTNERS-A
BGFV UW Equity,BIG 5 SPORTING
BGG UN Equity,BRIGGS & STRATTN
BGS UN Equity,B&G FOODS INC
BH UN Equity,BIGLARI HOLDINGS
BHB UA Equity,BAR HARBOR BNKSH
BHE UN Equity,BENCHMARK ELECTR
BHI UN Equity,BAKER HUGHES INC
BHLB UN Equity,BERKSHIRE HILLS
BID UN Equity,SOTHEBY'S
BIG UN Equity,BIG LOTS INC
BIIB UW Equity,BIOGEN IDEC INC
BIO UN Equity,BIO-RAD LABS-A
BIOL UR Equity,BIOLASE INC
BIOS UW Equity,BIOSCRIP INC
BIRT UW Equity,ACTUATE CORP
BJRI UW Equity,BJ'S RESTAURANTS
BK UN Equity,BANK NY MELLON
BKCC UW Equity,BLACKROCK KELSO
BKD UN Equity,BROOKDALE SR
BKE UN Equity,THE BUCKLE INC
BKH UN Equity,BLACK HILLS CORP
BKMU UW Equity,BANK MUTUAL CORP
BKS UN Equity,BARNES & NOBLE
BKU UN Equity,BANKUNITED INC
BKW UN Equity,BURGER KING WORL
BKYF UW Equity,BANK KENTUCKY
BLC UN Equity,BELO CORP-A
BLDR UW Equity,BUILDERS FIRSTSO
BLK UN Equity,BLACKROCK INC
BLKB UW Equity,BLACKBAUD INC
BLL UN Equity,BALL CORP
BLMN UW Equity,BLOOMIN' BRANDS
BLOX UN Equity,INFOBLOX INC
BLT UN Equity,BLOUNT INTL
BLUE UW Equity,BLUEBIRD BIO INC
BLX UN Equity,BANCO LATINOAM-E
BMI UN Equity,BADGER METER INC
BMR UN Equity,BIOMED REALTY TR
BMRC UR Equity,BANK OF MARIN BA
BMRN UW Equity,BIOMARIN PHARMAC
BMS UN Equity,BEMIS CO
BMTC UW Equity,BRYN MAWR BANK
BMY UN Equity,BRISTOL-MYER SQB
BNCL UW Equity,BENEFICIAL MUTUA
BNCN UR Equity,BNC BANCORP
BNNY UN Equity,ANNIE'S INC
BOBE UW Equity,BOB EVANS FARMS
BODY UW Equity,BODY CENTRAL COR
BOFI UW Equity,BOFI HOLDING INC
BOH UN Equity,BANK OF HAWAII
BOKF UW Equity,BOK FINL CORP
BOLT UW Equity,BOLT TECHNOLOGY
BONT UW Equity,BON-TON STORES
BOOM UW Equity,DYNAMIC MATERIAL
BPFH UW Equity,BOSTON PRIV FINL
BPI UN Equity,BRIDGEPOINT EDUC
BPOP UW Equity,POPULAR INC
BPZ UN Equity,BPZ RESOURCES IN
BR UN Equity,BROADRIDGE FINL
BRC UN Equity,BRADY CORP - A
BRCD UW Equity,BROCADE COMM SYS
BRCM UW Equity,BROADCOM CORP-A
BRE UN Equity,BRE PROPERTIES
BREW UQ Equity,CRAFT BREW ALLIA
BRK/B UN Equity,BERKSHIRE HATH-B
BRKL UW Equity,BROOKLINE BANCRP
BRKR UW Equity,BRUKER CORP
BRKS UW Equity,BROOKS AUTOMATIO
BRLI UW Equity,BIO-REFER LABS
BRO UN Equity,BROWN & BROWN
BRS UN Equity,BRISTOW GROUP IN
BRSS UN Equity,GLOBAL BRASS & C
BRY UN Equity,BERRY PETROL-A
BSET UW Equity,BASSETT FURN
BSFT UW Equity,BROADSOFT INC
BSRR UW Equity,SIERRA BANCORP
BSX UN Equity,BOSTON SCIENTIFC
BTH UN Equity,BLYTH INC
BTU UN Equity,PEABODY ENERGY
BTX UA Equity,BIOTIME INC
BUSE UW Equity,FIRST BUSEY CORP
BV UW Equity,BAZAARVOICE INC
BWA UN Equity,BORGWARNER INC
BWC UN Equity,BABCOCK & WILCOX
BWINB UQ Equity,BALDWIN & LYON B
BWLD UW Equity,BUFFALO WILD WIN
BWS UN Equity,BROWN SHOE CO
BXC UN Equity,BLUELINX HOLDING
BXP UN Equity,BOSTON PROPERTIE
BXS UN Equity,BANCORPSOUTH INC
BYD UN Equity,BOYD GAMING CORP
BYI UN Equity,BALLY TECHNOLOGI
BZ UN Equity,BOISE INC
BZH UN Equity,BEAZER HOMES USA
C UN Equity,CITIGROUP INC
CA UW Equity,CA INC
CAB UN Equity,CABELA'S INC
CAC UW Equity,CAMDEN NATIONAL
CACB UR Equity,CASCADE BANCORP
CACC UW Equity,CREDIT ACCEPTANC
CACI UN Equity,CACI INTL-A
CADX UW Equity,CADENCE PHARMACE
CAG UN Equity,CONAGRA FOODS
CAH UN Equity,CARDINAL HEALTH
CAKE UW Equity,CHEESECAKE FACTO
CALD UQ Equity,CALLIDUS SOFTWAR
CALL UQ Equity,MAGICJACK VOCAL
CALM UW Equity,CAL-MAINE FOODS
CALX UN Equity,CALIX INC
CAM UN Equity,CAMERON INTERNAT
CAMP UW Equity,CALAMP CORP
CAP UN Equity,CAI INTERNATIONA
CAR UW Equity,AVIS BUDGET GROU
CARB UQ Equity,CARBONITE INC
CAS UN Equity,CASTLE (AM)
CASH UQ Equity,META FINANCIAL G
CASS UW Equity,CASS INFORMATION
CASY UW Equity,CASEY'S GENERAL
CAT UN Equity,CATERPILLAR INC
CATM UW Equity,CARDTRONICS INC
CATO UN Equity,CATO CORP-A
CATY UW Equity,CATHAY GENERAL B
CAVM UW Equity,CAVIUM INC
CB UN Equity,CHUBB CORP
CBB UN Equity,CINCINNATI BELL
CBEY UW Equity,CBEYOND INC
CBF UW Equity,CAPITAL BANK FIN
CBG UN Equity,CBRE GROUP INC-A
CBI UN Equity,CHICAGO BRIDGE &
CBK UN Equity,CHRISTOPHER & B
CBL UN Equity,CBL & ASSOC PROP
CBM UN Equity,CAMBREX CORP
CBOE UW Equity,CBOE HOLDINGS IN
CBR UN Equity,CIBER INC
CBRL UW Equity,CRACKER BARREL
CBS UN Equity,CBS CORP-B
CBSH UW Equity,COMMERCE BCSHS
CBST UW Equity,CUBIST PHARM
CBT UN Equity,CABOT CORP
CBU UN Equity,COMMUNITY BANK S
CBZ UN Equity,CBIZ INC
CCBG UW Equity,CAP CITY BANK
CCC UN Equity,CALGON CARBON
CCE UN Equity,COCA-COLA ENTER
CCF UA Equity,CHASE CORP
CCG UN Equity,CAMPUS CREST COM
CCI UN Equity,CROWN CASTLE INT
CCIX UQ Equity,COLEMAN CABLE IN
CCK UN Equity,CROWN HOLDINGS I
CCL UN Equity,CARNIVAL CORP
CCMP UW Equity,CABOT MICROELEC
CCNE UW Equity,CNB FINL CORP/PA
CCO UN Equity,CLEAR CHANNEL-A
CCOI UW Equity,COGENT COMMUNICA
CCRN UW Equity,CROSS COUNTRY HE
CCXI UW Equity,CHEMOCENTRYX INC
CDE UN Equity,COEUR MINING INC
CDI UN Equity,CDI CORP
CDNS UW Equity,CADENCE DESIGN
CDR UN Equity,CEDAR REALTY TRU
CDW UW Equity,CDW CORP/DE
CE UN Equity,CELANESE CORP-A
CEB UN Equity,CORP EXECUTIVE
CEC UN Equity,CEC ENTERTAINMNT
CECE UQ Equity,CECO ENVIRONMNTL
CECO UW Equity,CAREER EDUCATION
CELG UW Equity,CELGENE CORP
CEMP UQ Equity,CEMPRA INC
CENTA UW Equity,CENTRAL GARDEN-A
CENX UW Equity,CENTURY ALUMINUM
CERN UW Equity,CERNER CORP
CERS UQ Equity,CERUS CORP
CETV UW Equity,CENTRAL EURO M-A
CEVA UW Equity,CEVA INC
CF UN Equity,CF INDUSTRIES HO
CFFI UW Equity,C & F FINANCIAL
CFFN UW Equity,CAPITOL FEDERAL
CFI UN Equity,CULP INC
CFN UN Equity,CAREFUSION CORP
CFNB UQ Equity,CAL FRST NATL BA
CFNL UW Equity,CARDINAL FINL CP
CFR UN Equity,CULLEN/FROST
CFX UN Equity,COLFAX CORP
CGI UN Equity,CELADON GROUP
CGNX UW Equity,COGNEX CORP
CGX UN Equity,CONS GRAPHICS
CHCO UW Equity,CITY HOLDING CO
CHD UN Equity,CHURCH & DWIGHT
CHDN UW Equity,CHURCHILL DOWNS
CHDX UW Equity,CHINDEX INTL INC
CHE UN Equity,CHEMED CORP
CHEF UW Equity,CHEFS WAREHOUSE
CHFC UW Equity,CHEMICAL FIN
CHFN UR Equity,CHARTER FINL
CHH UN Equity,CHOICE HOTELS
CHK UN Equity,CHESAPEAKE ENERG
CHMG UQ Equity,CHEMUNG FINL CRP
CHMT UN Equity,CHEMTURA CORP
CHRW UW Equity,CH ROBINSON
CHS UN Equity,CHICO'S FAS INC
CHSP UN Equity,CHESAPEAKE LODGI
CHTP UR Equity,CHELSEA THERAPEU
CHTR UW Equity,CHARTER COM-A
CHUY UW Equity,CHUY'S HOLDINGS
CI UN Equity,CIGNA CORP
CIA UN Equity,CITIZENS INC
CIE UN Equity,COBALT INTERNATI
CIEN UW Equity,CIENA CORP
CIFC UR Equity,CIFC CORP
CIM UN Equity,CHIMERA INV CORP
CINF UW Equity,CINCINNATI FIN
CIR UN Equity,CIRCOR INTL
CIT UN Equity,CIT GROUP INC
CIX UA Equity,COMPX INTL INC
CJES UN Equity,C&J ENERGY SERVI
CKEC UW Equity,CARMIKE CINEMAS
CKH UN Equity,SEACOR HOLDINGS
CKP UN Equity,CHECKPOINT SYS
CL UN Equity,COLGATE-PALMOLIV
CLC UN Equity,CLARCOR INC
CLD UN Equity,CLOUD PEAK ENERG
CLDT UN Equity,CHATHAM LODGING
CLDX UW Equity,CELLDEX THERAPEU
CLF UN Equity,CLIFFS NATURAL R
CLGX UN Equity,CORELOGIC INC
CLH UN Equity,CLEAN HARBORS
CLI UN Equity,MACK-CALI REALTY
CLMS UW Equity,CALAMOS ASSET-A
CLNE UW Equity,CLEAN ENERGY FUE
CLNY UN Equity,COLONY FINANCIAL
CLR UN Equity,CONTL RES INC/OK
CLUB UQ Equity,TOWN SPORTS INTE
CLVS UW Equity,CLOVIS ONCOLOGY
CLW UN Equity,CLEARWATER
CLX UN Equity,CLOROX CO
CMA UN Equity,COMERICA INC
CMC UN Equity,COMMERCIAL METAL
CMCO UW Equity,COLUMBUS MCKI/NY
CMCSA UW Equity,COMCAST CORP-A
CME UW Equity,CME GROUP INC
CMG UN Equity,CHIPOTLE MEXICAN
CMI UN Equity,CUMMINS INC
CMLS UW Equity,CUMULUS MEDIA-A
CMN UN Equity,CANTEL MEDICAL
CMO UN Equity,CAPSTEAD MORTGAG
CMP UN Equity,COMPASS MINERALS
CMRX UQ Equity,CHIMERIX INC
CMS UN Equity,CMS ENERGY CORP
CMTL UW Equity,COMTECH TELECOMM
CNA UN Equity,CNA FINL CORP
CNAT UQ Equity,CONATUS PHARMACE
CNBC UW Equity,CENTER BANCORP
CNBKA UW Equity,CENTURY BANC -A
CNC UN Equity,CENTENE CORP
CNDO UR Equity,CORONADO BIOSCIE
CNK UN Equity,CINEMARK HOLDING
CNL UN Equity,CLECO CORP
CNMD UW Equity,CONMED CORP
CNO UN Equity,CNO FINANCIAL GR
CNOB UQ Equity,CONNECTONE BANCO
CNP UN Equity,CENTERPOINT ENER
CNQR UW Equity,CONCUR TECH INC
CNS UN Equity,COHEN & STEERS
CNSI UQ Equity,COMVERSE INC
CNSL UW Equity,CONSOLIDATED COM
CNW UN Equity,CON-WAY INC
CNX UN Equity,CONSOL ENERGY
COB UR Equity,COMMUNITYONE BAN
COBZ UW Equity,COBIZ FINANCIAL
COCO UW Equity,CORINTHIAN COLLE
CODE UN Equity,SPANSION INC-A
COF UN Equity,CAPITAL ONE FINA
COG UN Equity,CABOT OIL & GAS
COH UN Equity,COACH INC
COHR UW Equity,COHERENT INC
COHU UW Equity,COHU INC
COKE UW Equity,COCA-COLA BOTTLI
COL UN Equity,ROCKWELL COLLINS
COLB UW Equity,COLUMBIA BANKING
COLM UW Equity,COLUMBIA SPORTSW
CONE UW Equity,CYRUSONE INC
CONN UW Equity,CONN'S INC
COO UN Equity,COOPER COS INC
COP UN Equity,CONOCOPHILLIPS
COR UN Equity,CORESITE REALTY
CORE UW Equity,CORE-MARK HOLDIN
CORT UR Equity,CORCEPT THERA
COST UW Equity,COSTCO WHOLESALE
COTY UN Equity,COTY INC-CL A
COV UN Equity,COVIDIEN PLC
COWN UW Equity,COWEN GROUP-A
CPA UN Equity,COPA HOLDIN-CL A
CPB UN Equity,CAMPBELL SOUP CO
CPE UN Equity,CALLON PETROLEUM
CPF UN Equity,CENTRAL PACIFIC
CPHD UW Equity,CEPHEID INC
CPK UN Equity,CHESAPEAKE UTIL
CPLA UW Equity,CAPELLA EDUCATIO
CPN UN Equity,CALPINE CORP
CPRT UW Equity,COPART INC
CPSI UW Equity,COMPUTER PROGRAM
CPSS UQ Equity,CONSUMER PORTFOL
CPST UQ Equity,CAPSTONE TURBINE
CPT UN Equity,CAMDEN PROP TR
CPWR UW Equity,COMPUWARE CORP
CQB UN Equity,CHIQUITA BRANDS
CR UN Equity,CRANE CO
CRAI UW Equity,CRA INTERNATIONA
CRAY UW Equity,CRAY INC
CRD/B UN Equity,CRAWFORD & CO-B
CREE UW Equity,CREE INC
CRI UN Equity,CARTER'S INC
CRIS UQ Equity,CURIS INC
CRK UN Equity,COMSTOCK RES INC
CRL UN Equity,CHARLES RIVER LA
CRM UN Equity,SALESFORCE.COM
CRMT UW Equity,AMERICA'S CAR-MA
CROX UW Equity,CROCS INC
CRR UN Equity,CARBO CERAMICS
CRRC UW Equity,COURIER CORP
CRS UN Equity,CARPENTER TECH
CRTX UR Equity,CORNERSTONE THER
CRUS UW Equity,CIRRUS LOGIC INC
CRVL UW Equity,CORVEL CORP
CRWN UQ Equity,CROWN MEDIA HL-A
CRY UN Equity,CRYOLIFE INC
CRZO UW Equity,CARRIZO OIL&GAS
CSBK UW Equity,CLIFTON SAVINGS
CSC UN Equity,COMPUTER SCIENCE
CSCO UW Equity,CISCO SYSTEMS
CSE UN Equity,CAPITALSOURCE IN
CSFL UW Equity,CENTERSTATE BANK
CSG UN Equity,CHAMBERS STREET
CSGP UW Equity,COSTAR GROUP INC
CSGS UW Equity,CSG SYSTEMS INTL
CSH UN Equity,CASH AMER INTL
CSII UQ Equity,CARDIOVASCULAR S
CSL UN Equity,CARLISLE COS INC
CSOD UW Equity,CORNERSTONE ONDE
CSS UN Equity,CSS INDUSTRIES
CST UN Equity,CST BRANDS
CSU UN Equity,CAP SENIOR LIVIN
CSV UN Equity,CARRIAGE SERVICE
CSWC UW Equity,CAP SOUTHWEST
CSX UN Equity,CSX CORP
CTAS UW Equity,CINTAS CORP
CTB UN Equity,COOPER TIRE & RU
CTBI UW Equity,COMMUNI TRUST BA
CTCT UW Equity,CONSTANT CONTACT
CTG UW Equity,COMPUTER TASK
CTIC UR Equity,CELL THERAPEUTIC
CTL UN Equity,CENTURYLINK INC
CTO UA Equity,CONS TOMOKA LAND
CTRL UW Equity,CONTROL4 CORP
CTRN UW Equity,CITI TRENDS INC
CTRX UW Equity,CATAMARAN CORP
CTS UN Equity,CTS CORP
CTSH UW Equity,COGNIZANT TECH-A
CTWS UW Equity,CONN WATER SVC
CTXS UW Equity,CITRIX SYSTEMS
CUB UN Equity,CUBIC CORP
CUBE UN Equity,CUBESMART
CUBI UW Equity,CUSTOMERS BANCOR
CUNB UR Equity,CU BANCORP
CUTR UW Equity,CUTERA INC
CUZ UN Equity,COUSINS PROP
CVA UN Equity,COVANTA HOLDING
CVBF UW Equity,CVB FINANCIAL
CVC UN Equity,CABLEVISION SY-A
CVCO UW Equity,CAVCO INDUSTRIES
CVD UN Equity,COVANCE INC
CVG UN Equity,CONVERGYS CORP
CVGI UW Equity,COMMERCIAL VEHIC
CVGW UW Equity,CALAVO GROWERS I
CVI UN Equity,CVR ENERGY INC
CVLT UW Equity,COMMVAULT SYSTEM
CVO UN Equity,CENVEO INC
CVS UN Equity,CVS CAREMARK COR
CVT UN Equity,CVENT INC
CVX UN Equity,CHEVRON CORP
CW UN Equity,CURTISS-WRIGHT
CWCO UW Equity,CONS WATER CO-OR
CWEI UW Equity,CLAYTON WILLIAMS
CWH UN Equity,COMMONWEALTH REI
CWST UW Equity,CASELLA WASTE
CWT UN Equity,CALIF WATER SRVC
CXO UN Equity,CONCHO RESOURCES
CXW UN Equity,CORRECTIONS CORP
CY UW Equity,CYPRESS SEMICON
CYBX UW Equity,CYBERONICS
CYH UN Equity,COMMUNITY HEALTH
CYN UN Equity,CITY NATL CORP
CYNI UN Equity,CYAN INC
CYNO UW Equity,CYNOSURE INC-A
CYS UN Equity,CYS INVESTMENTS
CYT UN Equity,CYTEC INDS
CYTK UR Equity,CYTOKINETICS INC
CYTX UQ Equity,CYTORI THERAPEUT
CZNC UR Equity,CITIZENS & NORTH
CZR UW Equity,CAESARS ENTERTAI
D UN Equity,DOMINION RES/VA
DAKT UW Equity,DAKTRONICS INC
DAL UN Equity,DELTA AIR LI
DAN UN Equity,DANA HOLDING
DAR UN Equity,DARLING INTL
DATA UN Equity,TABLEAU SOFTWA-A
DBD UN Equity,DIEBOLD INC
DCI UN Equity,DONALDSON CO INC
DCO UN Equity,DUCOMMUN INC
DCOM UW Equity,DIME COMM BNCSHS
DCT UN Equity,DCT INDUSTRIAL T
DD UN Equity,DU PONT (EI)
DDD UN Equity,3D SYSTEMS CORP
DDR UN Equity,DDR CORP
DDS UN Equity,DILLARDS INC-A
DE UN Equity,DEERE & CO
DECK UW Equity,DECKERS OUTDOOR
DEI UN Equity,DOUGLAS EMMETT
DEL UN Equity,DELTIC TIMBER
DELL UW Equity,DELL INC
DENN UR Equity,DENNY'S CORP
DEPO UW Equity,DEPOMED INC
DEST UW Equity,DESTINATION MATE
DF UN Equity,DEAN FOODS CO
DFRG UW Equity,DEL FRISCO'S RES
DFS UN Equity,DISCOVER FINANCI
DFT UN Equity,DUPONT FABROS TE
DFZ UW Equity,BARRY (R.G.)
DG UN Equity,DOLLAR GENERAL C
DGAS UW Equity,DELTA NATURAL GA
DGI UN Equity,DIGITALGLOBE INC
DGICA UW Equity,DONEGAL GRP-CL A
DGII UW Equity,DIGI INTL INC
DGIT UW Equity,DIGITAL GENERATI
DGX UN Equity,QUEST DIAGNOSTIC
DHI UN Equity,DR HORTON INC
DHIL UW Equity,DIAMOND HILL
DHR UN Equity,DANAHER CORP
DHX UN Equity,DICE HOLDINGS IN
DIN UN Equity,DINEEQUITY INC
DIOD UW Equity,DIODES INC
DIS UN Equity,WALT DISNEY CO
DISCA UW Equity,DISCOVERY COMM-A
DISH UW Equity,DISH NETWORK-A
DJCO UR Equity,DAILY JOURNAL
DK UN Equity,DELEK US HOLDING
DKS UN Equity,DICK'S SPORTING
DLB UN Equity,DOLBY LABORATO-A
DLLR UW Equity,DFC GLOBAL CORP
DLPH UN Equity,DELPHI AUTOMOTIV
DLR UN Equity,DIGITAL REALTY
DLTR UW Equity,DOLLAR TREE INC
DLX UN Equity,DELUXE CORP
DMD UN Equity,DEMAND MEDIA INC
DMND UW Equity,DIAMOND FOODS
DMRC UQ Equity,DIGIMARC CORP
DNB UN Equity,DUN & BRADSTREET
DNDN UW Equity,DENDREON CORP
DNKN UW Equity,DUNKIN' BRANDS G
DNR UN Equity,DENBURY RESOURCE
DO UN Equity,DIAMOND OFFSHORE
DOC UN Equity,PHYSICIANS REALT
DOLE UN Equity,DOLE FOOD CO INC
DORM UW Equity,DORMAN PRODUCTS
DOV UN Equity,DOVER CORP
DOW UN Equity,DOW CHEMICAL CO
DOX UN Equity,AMDOCS LTD
DPS UN Equity,DR PEPPER SNAPPL
DPZ UN Equity,DOMINO'S PIZZA
DRC UN Equity,DRESSER-RAND GRO
DRE UN Equity,DUKE REALTY CORP
DRH UN Equity,DIAMONDROCK HOSP
DRI UN Equity,DARDEN RESTAURAN
DRII UN Equity,DIAMOND RESORTS
DRIV UW Equity,DIGITAL RIVER
DRL UN Equity,DORAL FINL CORP
DRQ UN Equity,DRIL-QUIP INC
DRTX UQ Equity,DURATA THERAPEUT
DSCI UR Equity,DERMA SCIENCES
DSPG UW Equity,DSP GROUP INC
DST UN Equity,DST SYSTEMS INC
DSW UN Equity,DSW INC-CL A
DTE UN Equity,DTE ENERGY CO
DTLK UQ Equity,DATALINK CORP
DTSI UW Equity,DTS INC
DTV UW Equity,DIRECTV
DUK UN Equity,DUKE ENERGY CORP
DV UN Equity,DEVRY INC
DVA UN Equity,DAVITA HEALTHCAR
DVAX UR Equity,DYNAVAX TECHNOLO
DVN UN Equity,DEVON ENERGY CO
DVR UN Equity,CAL DIVE INTERNA
DW UN Equity,DREW INDS INC
DWA UW Equity,DREAMWORKS ANI-A
DWRE UN Equity,DEMANDWARE INC
DWSN UW Equity,DAWSON GEOPHYS
DX UN Equity,DYNEX CAPITAL
DXCM UW Equity,DEXCOM
DXLG UW Equity,DESTINATION XL G
DXM UW Equity,DEX MEDIA INC
DXPE UW Equity,DXP ENTERPRISES
DY UN Equity,DYCOM INDS
DYAX UQ Equity,DYAX CORP
DYN UN Equity,DYNEGY INC
EA UW Equity,ELECTRONIC ARTS
EAC UQ Equity,ERICKSON AIR-CRA
EARN UN Equity,ELLINGTON RESIDE
EAT UN Equity,BRINKER INTL
EBAY UW Equity,EBAY INC
EBF UN Equity,ENNIS INC
EBIX UW Equity,EBIX INC
EBS UN Equity,EMERGENT BIOSOLU
EBSB UW Equity,MERIDIAN INTERST
EBTC UW Equity,ENTERPRISE BANCO
ECHO UW Equity,ECHO GLOBAL LOGI
ECL UN Equity,ECOLAB INC
ECOL UW Equity,US ECOLOGY INC
ECOM UN Equity,CHANNELADVISOR C
ECPG UW Equity,ENCORE CAPITAL G
ECYT UW Equity,ENDOCYTE INC
ED UN Equity,CONS EDISON INC
EDE UN Equity,EMPIRE DISTRICT
EDG UN Equity,EDGEN GROUP INC
EDMC UW Equity,EDUCATION MGMT
EDR UN Equity,EDUCATION REALTY
EE UN Equity,EL PASO ELECTRIC
EEFT UW Equity,EURONET WORLDWID
EFII UW Equity,ELEC FOR IMAGING
EFSC UW Equity,ENTERPRISE FINAN
EFX UN Equity,EQUIFAX INC
EGAN UR Equity,EGAIN CORP
EGBN UR Equity,EAGLE BANCRP INC
EGHT UW Equity,8X8 INC
EGL UN Equity,ENGILITY HOLDING
EGN UN Equity,ENERGEN CORP
EGOV UW Equity,NIC INC
EGP UN Equity,EASTGROUP PROP
EGY UN Equity,VAALCO ENERGY
EHTH UW Equity,EHEALTH INC
EIG UN Equity,EMPLOYERS HOLDIN
EIHI UW Equity,EASTERN INSURANC
EIX UN Equity,EDISON INTL
EL UN Equity,ESTEE LAUDER
ELGX UW Equity,ENDOLOGIX INC
ELLI UN Equity,ELLIE MAE INC
ELNK UW Equity,EARTHLINK INC
ELRC UW Equity,ELECTRO RENT CO
ELS UN Equity,EQUITY LIFESTYLE
ELX UN Equity,EMULEX CORP
ELY UN Equity,CALLAWAY GOLF CO
EMC UN Equity,EMC CORP/MA
EMCI UW Equity,EMC INS GROUP
EME UN Equity,EMCOR GROUP INC
EMN UN Equity,EASTMAN CHEMICAL
EMR UN Equity,EMERSON ELEC CO
END UN Equity,ENDEAVOUR INTERN
ENDP UW Equity,ENDO HEALTH SOLU
ENH UN Equity,ENDURANCE SPECIA
ENOC UW Equity,ENERNOC INC
ENPH UQ Equity,ENPHASE ENERGY
ENR UN Equity,ENERGIZER HOLDGS
ENS UN Equity,ENERSYS
ENSG UW Equity,ENSIGN GROUP INC
ENT UR Equity,GLOBAL EAGLE ENT
ENTA UW Equity,ENANTA PHARMACEU
ENTG UW Equity,ENTEGRIS INC
ENTR UW Equity,ENTROPIC COMMUNI
ENV UN Equity,ENVESTNET INC
ENZN UW Equity,ENZON PHARMACEUT
EOG UN Equity,EOG RESOURCES
EOPN UQ Equity,E2OPEN INC
EOX UA Equity,EMERALD OIL INC
EPAM UN Equity,EPAM SYSTEMS INC
EPAY UW Equity,BOTTOMLINE TECH
EPIQ UW Equity,EPIQ SYSTEMS INC
EPL UN Equity,EPL OIL & GAS IN
EPM UA Equity,EVOLUTION PETROL
EPR UN Equity,EPR PROPERTIES
EPZM UQ Equity,EPIZYME INC
EQIX UW Equity,EQUINIX INC
EQR UN Equity,EQUITY RESIDENTI
EQT UN Equity,EQT CORP
EQU UN Equity,EQUAL ENERGY LTD
EQY UN Equity,EQUITY ONE INC
ERA UN Equity,ERA GROUP
ERIE UW Equity,ERIE INDEMNITY-A
ERII UW Equity,ENERGY RECOVERY
ESBF UW Equity,ESB FINANCIAL
ESC UN Equity,EMERITUS CORP
ESE UN Equity,ESCO TECH INC
ESGR UW Equity,ENSTAR GROUP LTD
ESI UN Equity,ITT EDUCATIONAL
ESIO UW Equity,ELECTRO SCI INDS
ESL UN Equity,ESTERLINE TECH
ESPR UQ Equity,ESPERION THERAPE
ESRX UW Equity,EXPRESS SCRIPTS
ESS UN Equity,ESSEX PROPERTY
ESSA UW Equity,ESSA BANCORP INC
ETFC UW Equity,E*TRADE FINANCIA
ETH UN Equity,ETHAN ALLEN
ETM UN Equity,ENTERCOM COMM-A
ETN UN Equity,EATON CORP PLC
ETR UN Equity,ENTERGY CORP
EV UN Equity,EATON VANCE CORP
EVC UN Equity,ENTRAVISION CO-A
EVER UN Equity,EVERBANK FINANCI
EVHC UN Equity,ENVISION HEALTHC
EVR UN Equity,EVERCORE PARTN-A
EVRY UQ Equity,EVERYWARE GLOBAL
EVTC UN Equity,EVERTEC INC
EW UN Equity,EDWARDS LIFE
EWBC UW Equity,EAST WEST BNCRP
EXAC UW Equity,EXACTECH INC
EXAM UN Equity,EXAMWORKS GROUP
EXAR UN Equity,EXAR CORP
EXAS UR Equity,EXACT SCIENCES
EXC UN Equity,EXELON CORP
EXEL UW Equity,EXELIXIS INC
EXH UN Equity,EXTERRAN HOLDING
EXL UN Equity,EXCEL TRUST INC
EXLS UW Equity,EXLSERVICE HOLDI
EXP UN Equity,EAGLE MATERIALS
EXPD UW Equity,EXPEDITORS INTL
EXPE UW Equity,EXPEDIA INC
EXPO UW Equity,EXPONENT INC
EXPR UN Equity,EXPRESS INC
EXR UN Equity,EXTRA SPACE STOR
EXTR UW Equity,EXTREME NETWORKS
EXXI UW Equity,ENERGY XXI BERMU
EZPW UW Equity,EZCORP INC-A
F UN Equity,FORD MOTOR CO
FAF UN Equity,FIRST AMERICAN F
FANG UW Equity,DIAMONDBACK ENER
FARM UQ Equity,FARMER BROS CO
FARO UW Equity,FARO TECH
FAST UW Equity,FASTENAL CO
FB UW Equity,FACEBOOK INC-A
FBC UN Equity,FLAGSTAR BANCORP
FBHS UN Equity,FORTUNE BRANDS H
FBNC UW Equity,FIRST BANCORP/NC
FBNK UW Equity,FIRST CONNECTICU
FBP UN Equity,FIRST BANCORP PR
FBRC UW Equity,FBR & CO
FC UN Equity,FRANKLIN COVEY
FCBC UW Equity,FIRST COMMUNI BC
FCE/A UN Equity,FOREST CITY -A
FCEL UQ Equity,FUELCELL ENERGY
FCF UN Equity,FIRST COMMON FIN
FCFS UW Equity,FIRST CASH FINL
FCH UN Equity,FELCOR LODGING
FCN UN Equity,FTI CONSULTING
FCNCA UW Equity,FIRST CITIZENS-A
FCS UN Equity,FAIRCHILD SEMICO
FCSC UA Equity,FIBROCELL SCIENC
FCX UN Equity,FREEPORT-MCMORAN
FDEF UW Equity,FIRST DEFIANCE
FDML UW Equity,FEDERAL MOGUL
FDO UN Equity,FAMILY DOLLAR ST
FDP UN Equity,FRESH DEL MONTE
FDS UN Equity,FACTSET RESEARCH
FDUS UW Equity,FIDUS INVESTMENT
FDX UN Equity,FEDEX CORP
FE UN Equity,FIRSTENERGY CORP
FEIC UW Equity,FEI COMPANY
FELE UW Equity,FRANKLIN ELEC CO
FET UN Equity,FORUM ENERGY TEC
FF UN Equity,FUTUREFUEL CORP
FFBC UW Equity,FIRST FIN BANCRP
FFBH UQ Equity,FIRST FED BNCSHS
FFG UN Equity,FBL FINL GROUP-A
FFIC UW Equity,FLUSHING FINL
FFIN UW Equity,FIRST FIN BANKSH
FFIV UW Equity,F5 NETWORKS
FFKT UW Equity,FARMERS CAP BK
FFNW UW Equity,FIRST FINANCIAL
FHCO UR Equity,FEMALE HEALTH
FHN UN Equity,FIRST HORIZON NA
FI UN Equity,FRANK'S INTERNAT
FIBK UW Equity,FIRST INTER/MT
FICO UN Equity,FAIR ISAAC CORP
FII UN Equity,FEDERATED INV-B
FINL UW Equity,FINISH LINE-A
FIO UN Equity,FUSION-IO INC
FIS UN Equity,FIDELITY NATIONA
FISI UW Equity,FINANCIAL INST
FISV UW Equity,FISERV INC
FITB UW Equity,FIFTH THIRD BANC
FIVE UW Equity,FIVE BELOW
FIX UN Equity,COMFORT SYSTEMS
FIZZ UW Equity,NATL BEVERAGE
FL UN Equity,FOOT LOCKER INC
FLDM UW Equity,FLUIDIGM CORP
FLIC UR Equity,FIRST OF LONG IS
FLIR UW Equity,FLIR SYSTEMS
FLO UN Equity,FLOWERS FOODS
FLOW UW Equity,FLOW INTL CORP
FLR UN Equity,FLUOR CORP
FLS UN Equity,FLOWSERVE CORP
FLT UN Equity,FLEETCOR TECHNOL
FLTX UN Equity,FLEETMATICS GROU
FLWS UW Equity,1-800-FLOWERS-A
FLXS UW Equity,FLEXSTEEL INDS
FMBI UW Equity,FIRST MIDWEST/IL
FMC UN Equity,FMC CORP
FMD UN Equity,FIRST MARBLEHEAD
FMER UW Equity,FIRSTMERIT CORP
FN UN Equity,FABRINET
FNB UN Equity,FNB CORP
FNF UN Equity,FIDELITY NATL-A
FNFG UW Equity,FIRST NIAGARA FI
FNGN UW Equity,FINANCIAL ENGINE
FNLC UW Equity,FIRST BANCORP/ME
FNP UN Equity,FIFTH & PACIFIC
FNSR UW Equity,FINISAR CORP
FOE UN Equity,FERRO CORP
FOLD UQ Equity,AMICUS THERAPEUT
FOR UN Equity,FORESTAR GROUP
FORM UW Equity,FORMFACTOR INC
FORR UW Equity,FORRESTER RESEAR
FOSL UW Equity,FOSSIL GROUP INC
FOXA UW Equity,TWENTY-FIRST C-A
FOXF UW Equity,FOX FACTORY HOLD
FPO UN Equity,FIRST POTOMAC RE
FR UN Equity,FIRST IND REALTY
FRAN UW Equity,FRANCESCAS HOLDI
FRC UN Equity,FIRST REPUBLIC B
FRED UW Equity,FRED'S INC-A
FRF UN Equity,FORTEGRA FINANCI
FRGI UW Equity,FIESTA RESTAURAN
FRM UN Equity,FURMANITE CORP
FRME UW Equity,FIRST MERCHANTS
FRNK UW Equity,FRANKLIN FINANCI
FRO UN Equity,FRONTLINE LTD
FRP UR Equity,FAIRPOINT COMMUN
FRT UN Equity,FED REALTY INVS
FRX UN Equity,FOREST LABS INC
FSC UW Equity,FIFTH STREET FIN
FSGI UR Equity,FIRST SECURITY G
FSL UN Equity,FREESCALE SEMICO
FSLR UW Equity,FIRST SOLAR INC
FSP UA Equity,FRANKLIN STREET
FSS UN Equity,FED SIGNAL CORP
FST UN Equity,FOREST OIL CORP
FSTR UW Equity,FOSTER (LB) CO-A
FSYS UW Equity,FUEL SYSTEMS SOL
FTI UN Equity,FMC TECHNOLOGIES
FTK UN Equity,FLOTEK INDS
FTNT UW Equity,FORTINET INC
FTR UW Equity,FRONTIER COMMUNI
FUBC UW Equity,1ST UNITED BANCO
FUL UN Equity,HB FULLER CO
FULT UW Equity,FULTON FINANCIAL
FUR UN Equity,WINTHROP REALTY
FURX UW Equity,FURIEX PHARMACEU
FVE UN Equity,FIVE STAR QUA
FWM UQ Equity,FAIRWAY GROUP HO
FWRD UW Equity,FORWARD AIR CORP
FXCB UW Equity,FOX CHASE BANCOR
FXCM UN Equity,FXCM INC-A
FXEN UW Equity,FX ENERGY INC
G UN Equity,GENPACT LTD
GABC UW Equity,GERMAN AMER BNCP
GAIN UW Equity,GLADSTONE INVEST
GALE UR Equity,GALENA BIOPHARMA
GARS UW Equity,GARRISON CAPITAL
GAS UN Equity,AGL RESOURCES
GB UN Equity,GREATBATCH INC
GBCI UW Equity,GLACIER BANCORP
GBDC UW Equity,GOLUB CAPITAL BD
GBL UN Equity,GAMCO INVESTORS
GBLI UW Equity,GLOBAL INDEMNITY
GBNK UW Equity,GUARANTY BANCORP
GBX UN Equity,GREENBRIER COS
GCA UN Equity,GLOBAL CASH ACCE
GCAP UN Equity,GAIN CAPITAL HOL
GCI UN Equity,GANNETT CO
GCO UN Equity,GENESCO INC
GCOM UW Equity,GLOBECOMM SYS
GD UN Equity,GENERAL DYNAMICS
GDOT UN Equity,GREEN DOT CORP-A
GDP UN Equity,GOODRICH PETRO
GE UN Equity,GENERAL ELECTRIC
GEF UN Equity,GREIF INC-CL A
GEO UN Equity,GEO GROUP INC/TH
GEOS UW Equity,GEOSPACE TECHNOL
GERN UW Equity,GERON CORP
GES UN Equity,GUESS? INC
GEVA UW Equity,SYNAGEVA BIOPHAR
GFF UN Equity,GRIFFON CORP
GFIG UN Equity,GFI GROUP INC
GGG UN Equity,GRACO INC
GGP UN Equity,GENERAL GROWTH P
GGS UN Equity,GLOBAL GEOPHYS
GHDX UW Equity,GENOMIC HEALTH I
GHL UN Equity,GREENHILL & CO
GHM UA Equity,GRAHAM CORP
GIFI UW Equity,GULF ISLAND FABR
GIII UW Equity,G III APPAREL
GILD UW Equity,GILEAD SCIENCES
GIMO UN Equity,GIGAMON INC
GIS UN Equity,GENERAL MILLS IN
GK UW Equity,G & K SERVICES-A
GLAD UW Equity,GLADSTONE CAP CO
GLDD UW Equity,GREAT LAKES DRED
GLF UN Equity,GULFMARK OFFSHOR
GLNG UW Equity,GOLAR LNG LTD
GLOG UN Equity,GASLOG LTD
GLPW UW Equity,GLOBAL POWER EQU
GLRE UW Equity,GREENLIGHT CAP-A
GLT UN Equity,GLATFELTER
GLUU UW Equity,GLU MOBILE INC
GLW UN Equity,CORNING INC
GM UN Equity,GENERAL MOTORS C
GMAN UW Equity,GORDMANS STORES
GMCR UW Equity,GREEN MOUNTAIN
GME UN Equity,GAMESTOP CORP-A
GMED UN Equity,GLOBUS MEDICAL I
GMO UA Equity,GENERAL MOLY INC
GMT UN Equity,GATX CORP
GNC UN Equity,GNC HOLDINGS INC
GNCMA UW Equity,GEN COMM-A
GNE UN Equity,GENIE ENERGY-B
GNMK UQ Equity,GENMARK DIAGNOST
GNRC UN Equity,GENERAC HOLDINGS
GNTX UW Equity,GENTEX CORP
GNW UN Equity,GENWORTH FINANCI
GOGO UW Equity,GOGO INC
GOOD UW Equity,GLADSTONE COMMER
GOOG UW Equity,GOOGLE INC-CL A
GORO UA Equity,GOLD RESOURCE CO
GOV UN Equity,GOVERNMENT PROPE
GPC UN Equity,GENUINE PARTS CO
GPI UN Equity,GROUP 1 AUTOMOTI
GPK UN Equity,GRAPHIC PACKAGIN
GPN UN Equity,GLOBAL PAYMENTS
GPOR UW Equity,GULFPORT ENERGY
GPRE UW Equity,GREEN PLAINS REN
GPS UN Equity,GAP INC/THE
GPT UN Equity,GRAMERCY PROPERT
GPX UN Equity,GP STRATEGIES
GRA UN Equity,WR GRACE & CO
GRC UA Equity,GORMAN-RUPP CO
GRIF UQ Equity,GRIFFIN LAND&NUR
GRMN UW Equity,GARMIN LTD
GRPN UW Equity,GROUPON INC
GRT UN Equity,GLIMCHER REALTY
GS UN Equity,GOLDMAN SACHS GP
GSBC UW Equity,GREAT SOUTHN BAN
GSE UN Equity,GSE HOLDING INC
GSIG UW Equity,GSI GROUP INC
GSIT UW Equity,GSI TECHNOLOGY
GSM UW Equity,GLOBE SPECIALTY
GSOL UW Equity,GLOBAL SOURCES
GST UA Equity,GASTAR EXPLORATI
GSVC UR Equity,GSV CAPITAL CORP
GT UW Equity,GOODYEAR TIRE
GTAT UW Equity,GT ADVANCED TECH
GTI UN Equity,GRAFTECH INTL
GTIV UW Equity,GENTIVA HEALTH
GTLS UW Equity,CHART INDUSTRIES
GTN UN Equity,GRAY TELEVISION
GTS UN Equity,TRIPLE-S MGMT-B
GTXI UQ Equity,GTX INC
GTY UN Equity,GETTY REALTY
GUID UQ Equity,GUIDANCE SOFTWAR
GVA UN Equity,GRANITE CONSTR
GWAY UN Equity,GREENWAY MEDICAL
GWR UN Equity,GENESEE & WYOMIN
GWRE UN Equity,GUIDEWIRE SOFTWA
GWW UN Equity,WW GRAINGER INC
GXP UN Equity,GREAT PLAINS ENE
GY UN Equity,GENCORP INC
H UN Equity,HYATT HOTELS-A
HA UW Equity,HAWAIIAN HOLDING
HAE UN Equity,HAEMONETICS CORP
HAFC UW Equity,HANMI FINL CORP
HAIN UW Equity,HAIN CELESTIAL
HAL UN Equity,HALLIBURTON CO
HALL UQ Equity,HALLMARK FINL
HALO UW Equity,HALOZYME THERAPE
HAR UN Equity,HARMAN INTL
HAS UW Equity,HASBRO INC
HASI UN Equity,HANNON ARMSTRONG
HAWK UW Equity,BLACKHAWK NETWOR
HAYN UW Equity,HAYNES INTL INC
HBAN UW Equity,HUNTINGTON BANC
HBCP UW Equity,HOME BANCORP INC
HBHC UW Equity,HANCOCK HLDG CO
HBI UN Equity,HANESBRANDS INC
HBIO UQ Equity,HARVARD BIOSCIEN
HBNC UQ Equity,HORIZON BNCRP/IN
HCA UN Equity,HCA HOLDINGS INC
HCBK UW Equity,HUDSON CITY BNCP
HCC UN Equity,HCC INSURANCE
HCCI UQ Equity,HERITAGE-CRYSTAL
HCI UN Equity,HCI GROUP INC
HCKT UQ Equity,HACKETT GROUP
HCN UN Equity,HEALTH CARE REIT
HCOM UW Equity,HAWAIIAN TELCOM
HCP UN Equity,HCP INC
HCSG UW Equity,HEALTHCARE SERVS
HD UN Equity,HOME DEPOT INC
HDNG UW Equity,HARDINGE INC
HDS UW Equity,HD SUPPLY HOLDIN
HE UN Equity,HAWAIIAN ELEC
HEES UW Equity,H&E EQUIPMENT SE
HEI UN Equity,HEICO CORP
HELE UW Equity,HELEN OF TROY
HEOP UR Equity,HERITAGE OAKS BC
HERO UW Equity,HERCULES OFFSHOR
HES UN Equity,HESS CORP
HF UN Equity,HFF INC-A
HFC UN Equity,HOLLYFRONTIER CO
HFWA UW Equity,HERITAGE FINL
HGG UN Equity,HHGREGG INC
HGR UN Equity,HANGER INC
HHC UN Equity,HOWARD HUGHE
HHS UN Equity,HARTE-HANKS INC
HI UN Equity,HILLENBRAND INC
HIBB UW Equity,HIBBETT SPORTS I
HIFS UQ Equity,HINGHAM INST SVG
HIG UN Equity,HARTFORD FINL SV
HII UN Equity,HUNTINGTON INGAL
HIIQ UQ Equity,HEALTH INSURAN-A
HITK UW Equity,HI-TECH PHARMACA
HITT UW Equity,HITTITE MICROWAV
HIW UN Equity,HIGHWOODS PROP
HK UN Equity,HALCON RESOURCES
HL UN Equity,HECLA MINING CO
HLF UN Equity,HERBALIFE LTD
HLIT UW Equity,HARMONIC INC
HLS UN Equity,HEALTHSOUTH CORP
HLSS UW Equity,HOME LOAN SERVIC
HLX UN Equity,HELIX ENERGY SOL
HMA UN Equity,HEALTH MGMT AS-A
HME UN Equity,HOME PROPERTIES
HMN UN Equity,HORACE MANN EDUC
HMPR UW Equity,HAMPTON ROADS BA
HMST UW Equity,HOMESTREET INC
HMSY UW Equity,HMS HOLDINGS COR
HMTV UQ Equity,HEMISPHERE MEDIA
HNH UR Equity,HANDY & HARMAN L
HNI UN Equity,HNI CORP
HNRG UR Equity,HALLADOR ENERGY
HNT UN Equity,HEALTH NET INC
HOFT UW Equity,HOOKER FURNITURE
HOG UN Equity,HARLEY-DAVIDSON
HOLX UW Equity,HOLOGIC INC
HOMB UW Equity,HOME BANCSHARES
HOME UW Equity,HOME FEDERAL BAN
HON UN Equity,HONEYWELL INTL
HOS UN Equity,HORNBECK OFFSHOR
HOT UN Equity,STARWOOD HOTELS
HOV UN Equity,HOVNANIAN ENT-A
HP UN Equity,HELMERICH & PAYN
HPP UN Equity,HUDSON PACIFIC P
HPQ UN Equity,HEWLETT-PACKARD
HPT UN Equity,HOSPITALITY PROP
HPTX UQ Equity,HYPERION THERAPE
HPY UN Equity,HEARTLAND PAYMEN
HR UN Equity,HEALTHCARE RLTY
HRB UN Equity,H&R BLOCK INC
HRC UN Equity,HILL-ROM HOLDING
HRG UN Equity,HARBINGER GROUP
HRL UN Equity,HORMEL FOODS CRP
HRS UN Equity,HARRIS CORP
HRZN UW Equity,HORIZON TECHNOLO
HSC UN Equity,HARSCO CORP
HSH UN Equity,HILLSHIRE BRANDS
HSIC UW Equity,HENRY SCHEIN INC
HSII UW Equity,HEIDRICK & STRUG
HSNI UW Equity,HSN INC
HSP UN Equity,HOSPIRA INC
HST UN Equity,HOST HOTELS & RE
HSTM UW Equity,HEALTHSTREAM INC
HSY UN Equity,HERSHEY CO/THE
HT UN Equity,HERSHA HOSPITAL
HTA UN Equity,HEALTHCARE TRU-A
HTBI UW Equity,HOMETRUST BANCSH
HTBK UW Equity,HERITAGE COMMERC
HTCH UW Equity,HUTCHINSON TECH
HTCO UW Equity,HICKORYTECH CORP
HTGC UN Equity,HERCULES TECHNOL
HTH UN Equity,HILLTOP HOLDINGS
HTLD UW Equity,HEARTLAND EXPRES
HTLF UW Equity,HEARTLAND FINL
HTS UN Equity,HATTERAS FINANCI
HTSI UN Equity,HARRIS TEETER SU
HTWR UW Equity,HEARTWARE INTERN
HTZ UN Equity,HERTZ GLOBAL HOL
HUB/B UN Equity,HUBBELL INC -B
HUBG UW Equity,HUB GROUP-A
HUM UN Equity,HUMANA INC
HUN UN Equity,HUNTSMAN CORP
HURC UW Equity,HURCO COMPANIES
HURN UW Equity,HURON CONSULTING
HVB UN Equity,HUDSON VALL HLDG
HVT UN Equity,HAVERTY FURNITUR
HW UN Equity,HEADWATERS INC
HWAY UW Equity,HEALTHWAYS INC
HWCC UW Equity,HOUSTON WIRE & C
HWKN UW Equity,HAWKINS INC
HXL UN Equity,HEXCEL CORP
HY UN Equity,HYSTER-YALE
HZNP UQ Equity,HORIZON PHARMA I
HZO UN Equity,MARINEMAX INC
I UN Equity,INTELSAT SA
IACI UW Equity,IAC/INTERACTIVEC
IART UW Equity,INTEGRA LIFESCIE
IBCA UW Equity,INTERVEST BNCS
IBKC UW Equity,IBERIABANK CORP
IBKR UW Equity,INTERACTIVE BROK
IBM UN Equity,IBM
IBOC UW Equity,INTL BANCSHARES
IBTX UQ Equity,INDEPENDENT BANK
ICE UN Equity,INTERCONTINENTAL
ICEL UQ Equity,CELLULAR DYNAMIC
ICFI UW Equity,ICF INTERNATIONA
ICGE UW Equity,ICG GROUP INC
ICON UW Equity,ICONIX BRAND GRO
ICPT UQ Equity,INTERCEPT PHARMA
ICUI UW Equity,ICU MEDICAL
IDA UN Equity,IDACORP INC
IDCC UW Equity,INTERDIGITAL INC
IDIX UW Equity,IDENIX PHARM
IDT UN Equity,IDT CORP-CLASS B
IDTI UW Equity,INTEGRAT DEVICE
IDXX UW Equity,IDEXX LABS
IEX UN Equity,IDEX CORP
IFF UN Equity,INTL FLVR & FRAG
IFT UN Equity,IMPERIAL HOLDING
IGT UN Equity,INTL GAME TECH
IGTE UW Equity,IGATE CORP
IHC UN Equity,INDEP HLDG CO
IHS UN Equity,IHS INC-CLASS A
IIIN UW Equity,INSTEEL INDS
IILG UW Equity,INTERVAL LEISURE
IIVI UW Equity,II-VI INC
IL UN Equity,INTRALINKS HOLDI
ILMN UW Equity,ILLUMINA INC
IM UN Equity,INGRAM MICRO INC
IMGN UW Equity,IMMUNOGEN INC
IMI UW Equity,INTERMOLECULAR I
IMKTA UW Equity,INGLES MARKETS-A
IMMR UW Equity,IMMERSION CORP
IMMU UQ Equity,IMMUNOMEDICS INC
IMN UN Equity,IMATION CORP
IMPV UN Equity,IMPERVA INC
INAP UW Equity,INTERNAP NETWORK
INCY UW Equity,INCYTE CORP
INDB UW Equity,INDEP BANK/MA
INFA UW Equity,INFORMATICA CORP
INFI UW Equity,INFINITY PHARMAC
INFN UW Equity,INFINERA CORP
INGR UN Equity,INGREDION INC
ININ UW Equity,INTERACTIVE INT
INN UN Equity,SUMMIT HOTEL PRO
INSM UR Equity,INSMED INC
INSY UQ Equity,INSYS THERAPEUTI
INT UN Equity,WORLD FUEL SVCS
INTC UW Equity,INTEL CORP
INTL UW Equity,INTL FCSTONE INC
INTU UW Equity,INTUIT INC
INTX UQ Equity,INTERSECTIONS IN
INVN UN Equity,INVENSENSE INC
INWK UW Equity,INNERWORKINGS IN
IO UN Equity,ION GEOPHYSICAL
IOSP UW Equity,INNOSPEC INC
IP UN Equity,INTL PAPER CO
IPAR UW Equity,INTER PARFUMS
IPCC UW Equity,INFINITY PROPERT
IPCM UW Equity,IPC THE HOSPITAL
IPG UN Equity,INTERPUBLIC GRP
IPGP UW Equity,IPG PHOTONICS
IPHI UN Equity,INPHI CORP
IPHS UW Equity,INNOPHOS HOLDING
IPI UN Equity,INTREPID POTASH
IPXL UW Equity,IMPAX LABS INC
IQNT UW Equity,INTELIQUENT INC
IR UN Equity,INGERSOLL-RAND
IRBT UW Equity,IROBOT CORP
IRC UN Equity,INLAND REAL ESTA
IRDM UW Equity,IRIDIUM COMMUNIC
IRET UN Equity,INVESTORS REAL
IRF UN Equity,INTL RECTIFIER
IRG UW Equity,IGNITE RESTAURAN
IRM UN Equity,IRON MOUNTAIN
IRWD UW Equity,IRONWOOD PHARMAC
ISBC UW Equity,INVESTORS BANCOR
ISCA UW Equity,INTL SPEEDWAY-A
ISH UN Equity,INTL SHIPHOLDING
ISIL UW Equity,INTERSIL CORP-A
ISIS UW Equity,ISIS PHARM
ISLE UW Equity,ISLE OF CAPRI
ISRG UW Equity,INTUITIVE SURGIC
ISRL UR Equity,ISRAMCO INC
ISSC UW Equity,INNOVATIVE SOL
ISSI UW Equity,INTEGRAT SIL SOL
IT UN Equity,GARTNER INC
ITC UN Equity,ITC HOLDINGS COR
ITG UN Equity,INVESTMENT TECH
ITIC UQ Equity,INVESTORS TITLE
ITMN UW Equity,INTERMUNE INC
ITRI UW Equity,ITRON INC
ITT UN Equity,ITT CORP
ITW UN Equity,ILLINOIS TOOL WO
IVC UN Equity,INVACARE CORP
IVR UN Equity,INVESCO MORTGAGE
IVZ UN Equity,INVESCO LTD
IXYS UW Equity,IXYS CORP
JACK UW Equity,JACK IN THE BOX
JAH UN Equity,JARDEN CORP
JAKK UW Equity,JAKKS PACIFIC
JAZZ UW Equity,JAZZ PHARMACEUTI
JBHT UW Equity,HUNT (JB) TRANS
JBL UN Equity,JABIL CIRCUIT
JBLU UW Equity,JETBLUE AIRWAYS
JBSS UW Equity,SANFILIPPO (JOHN
JBT UN Equity,JOHN BEAN TECH
JCI UN Equity,JOHNSON CONTROLS
JCOM UW Equity,J2 GLOBAL INC
JCP UN Equity,J.C. PENNEY CO
JDSU UW Equity,JDS UNIPHASE
JEC UN Equity,JACOBS ENGIN GRP
JIVE UW Equity,JIVE SOFTWARE IN
JJSF UW Equity,J & J SNACK FOOD
JKHY UW Equity,JACK HENRY
JLL UN Equity,JONES LANG LASAL
JMBA UQ Equity,JAMBA INC
JMI UN Equity,JAVELIN MORTGAGE
JMP UN Equity,JMP GROUP INC
JNJ UN Equity,JOHNSON&JOHNSON
JNPR UN Equity,JUNIPER NETWORKS
JNS UN Equity,JANUS CAPITAL GR
JNY UN Equity,JONES GROUP INC
JOE UN Equity,ST JOE CO
JONE UN Equity,JONES ENERGY - A
JOSB UW Equity,JOS A BANK CLOTH
JOUT UQ Equity,JOHNSON OUTDOO-A
JOY UN Equity,JOY GLOBAL INC
JPM UN Equity,JPMORGAN CHASE
JRN UN Equity,JOURNAL COMMUN-A
JW/A UN Equity,WILEY JOHN&SON-A
JWN UN Equity,NORDSTROM INC
K UN Equity,KELLOGG CO
KAI UN Equity,KADANT INC
KALU UW Equity,KAISER ALUMINUM
KAMN UN Equity,KAMAN CORP
KAR UN Equity,KAR AUCTION SERV
KBALB UW Equity,KIMBALL INTL -B
KBH UN Equity,KB HOME
KBIO UQ Equity,KALOBIOS PHARMAC
KBR UN Equity,KBR INC
KCAP UW Equity,KCAP FINANCIAL I
KCG UN Equity,KCG HOLDINGS-A
KCLI UR Equity,KANSAS CITY LIFE
KEG UN Equity,KEY ENERGY SERV
KELYA UW Equity,KELLY SERVICES-A
KEM UN Equity,KEMET CORP
KERX UR Equity,KERYX BIOPHARM
KEX UN Equity,KIRBY CORP
KEY UN Equity,KEYCORP
KEYW UW Equity,KEYW HOLDING COR
KFRC UW Equity,KFORCE INC
KFY UN Equity,KORN/FERRY INTL
KIM UN Equity,KIMCO REALTY
KIOR UW Equity,KIOR INC - CL A
KIRK UW Equity,KIRKLAND'S INC
KKD UN Equity,KRISPY KREME
KLAC UW Equity,KLA-TENCOR CORP
KMB UN Equity,KIMBERLY-CLARK
KMG UN Equity,KMG CHEMICALS
KMI UN Equity,KINDER MORGAN IN
KMPR UN Equity,KEMPER CORP
KMT UN Equity,KENNAMETAL INC
KMX UN Equity,CARMAX INC
KND UN Equity,KINDRED HEALTHCA
KNL UN Equity,KNOLL INC
KNX UN Equity,KNIGHT TRANSPORT
KO UN Equity,COCA-COLA CO/THE
KOG UN Equity,KODIAK OIL & GAS
KOP UN Equity,KOPPERS HOLDINGS
KOPN UW Equity,KOPIN CORP
KORS UN Equity,MICHAEL KORS HOL
KOS UN Equity,KOSMOS ENERGY LT
KR UN Equity,KROGER CO
KRA UN Equity,KRATON PERFORMAN
KRC UN Equity,KILROY REALTY
KRFT UW Equity,KRAFT FOODS GROU
KRG UN Equity,KITE REALTY GROU
KRNY UW Equity,KEARNY FINANCIAL
KRO UN Equity,KRONOS WORLDWIDE
KS UN Equity,KAPSTONE PAPER A
KSS UN Equity,KOHLS CORP
KSU UN Equity,KANSAS CITY SOUT
KTOS UW Equity,KRATOS DEFENSE &
KVHI UW Equity,KVH INDUSTRIES
KW UN Equity,KENNEDY-WILSON H
KWK UN Equity,QUICKSILVER RES
KWR UN Equity,QUAKER CHEMICAL
KYTH UW Equity,KYTHERA BIOPHARM
L UN Equity,LOEWS CORP
LABL UW Equity,MULTI-COLOR CORP
LAD UN Equity,LITHIA MOTORS-A
LAMR UW Equity,LAMAR ADVERTIS-A
LANC UW Equity,LANCASTER COLONY
LAYN UW Equity,LAYNE CHRISTENSN
LAZ UN Equity,LAZARD LTD-CL A
LBAI UW Equity,LAKELAND BANCORP
LBTYA UW Equity,LIBERTY GLOBAL-A
LBY UA Equity,LIBBEY INC
LCC UN Equity,US AIRWAYS GROUP
LCI UA Equity,LANNETT CO INC
LCNB UR Equity,LCNB CORPORATION
LCUT UW Equity,LIFETIME BRANDS
LDL UN Equity,LYDALL INC
LDOS UN Equity,LEIDOS HOLDINGS
LDR UN Equity,LANDAUER INC
LEA UN Equity,LEAR CORP
LEAP UW Equity,LEAP WIRELESS
LECO UW Equity,LINCOLN ELECTRIC
LEG UN Equity,LEGGETT & PLATT
LEN UN Equity,LENNAR CORP-A
LF UN Equity,LEAPFROG ENTERPR
LFUS UW Equity,LITTELFUSE INC
LFVN UR Equity,LIFEVANTAGE CORP
LG UN Equity,LACLEDE GROUP
LGF UN Equity,LIONS GATE
LGND UQ Equity,LIGAND PHARM-B
LH UN Equity,LABORATORY CP
LHCG UW Equity,LHC GROUP INC
LHO UN Equity,LASALLE HOTEL PR
LIFE UW Equity,LIFE TECHNOLOGIE
LII UN Equity,LENNOX INTL INC
LINC UW Equity,LINCOLN EDUCATIO
LINTA UW Equity,LIBERTY INTERA-A
LION UW Equity,FIDELITY SOUTHER
LIOX UW Equity,LIONBRIDGE TECH
LKFN UW Equity,LAKELAND FINL
LKQ UW Equity,LKQ CORP
LL UN Equity,LUMBER LIQUIDATO
LLEN UW Equity,L&L ENERGY INC
LLL UN Equity,L-3 COMM HLDGS
LLNW UW Equity,LIMELIGHT NETWOR
LLTC UW Equity,LINEAR TECH CORP
LLY UN Equity,ELI LILLY & CO
LM UN Equity,LEGG MASON INC
LMCA UW Equity,LIBERTY MEDIA -A
LMIA UW Equity,LMI AEROSPACE
LMNR UW Equity,LIMONEIRA CO
LMNX UW Equity,LUMINEX CORP
LMOS UW Equity,LUMOS NETWORKS C
LMT UN Equity,LOCKHEED MARTIN
LNC UN Equity,LINCOLN NATL CRP
LNCE UW Equity,SNYDERS-LANCE
LNDC UW Equity,LANDEC CORP
LNG UA Equity,CHENIERE ENERGY
LNKD UN Equity,LINKEDIN CORP-A
LNN UN Equity,LINDSAY CORP
LNT UN Equity,ALLIANT ENERGY
LO UN Equity,LORILLARD INC
LOCK UN Equity,LIFELOCK INC
LOGM UW Equity,LOGMEIN INC
LOPE UW Equity,GRAND CANYON EDU
LORL UW Equity,LORAL SPACE & CO
LOV UA Equity,SPARK NETWORKS
LOW UN Equity,LOWE'S COS INC
LPI UN Equity,LAREDO PETROLEUM
LPLA UW Equity,LPL FINANCIAL HO
LPNT UW Equity,LIFEPOINT HOSPIT
LPS UN Equity,LENDER PROCESSIN
LPSN UW Equity,LIVEPERSON INC
LPX UN Equity,LOUISIANA-PACIFI
LQDT UW Equity,LIQUIDITY SERVIC
LRCX UW Equity,LAM RESEARCH
LRN UN Equity,K12 INC
LRY UN Equity,LIBERTY PROP
LSCC UW Equity,LATTICE SEMICOND
LSE UN Equity,CAPLEASE INC
LSI UW Equity,LSI CORP
LSTR UW Equity,LANDSTAR SYSTEM
LTC UN Equity,LTC PROPERTIES
LTD UN Equity,L BRANDS INC
LTM UN Equity,LIFE TIME FITNES
LTS UA Equity,LADENBURG THALMA
LTXC UW Equity,LTX-CREDENCE COR
LUB UN Equity,LUBY'S INC
LUK UN Equity,LEUCADIA NATL
LUV UN Equity,SOUTHWEST AIR
LVLT UN Equity,LEVEL 3 COMM INC
LVNTA UW Equity,LIBERTY VENTUR-A
LVS UN Equity,LAS VEGAS SANDS
LWAY UQ Equity,LIFEWAY FOODS
LXFT UN Equity,LUXOFT HOLDING I
LXK UN Equity,LEXMARK INTL-A
LXP UN Equity,LEXINGTON REALTY
LXRX UW Equity,LEXICON PHARMACE
LXU UN Equity,LSB INDUS INC
LYB UN Equity,LYONDELLBASELL-A
LYTS UW Equity,LSI INDUSTRIES
LYV UN Equity,LIVE NATION ENTE
LZB UN Equity,LA-Z-BOY INC
M UN Equity,MACY'S INC
MA UN Equity,MASTERCARD INC-A
MAA UN Equity,MID-AMERICA APAR
MAC UN Equity,MACERICH CO
MACK UQ Equity,MERRIMACK PHARMA
MAIN UN Equity,MAIN STREET CAPI
MAKO UW Equity,MAKO SURGICAL
MAN UN Equity,MANPOWERGROUP IN
MANH UW Equity,MANHATTAN ASSOC
MANT UW Equity,MANTECH INTL-A
MAR UW Equity,MARRIOTT INTL-A
MAS UN Equity,MASCO CORP
MASI UW Equity,MASIMO CORP
MAT UW Equity,MATTEL INC
MATW UW Equity,MATTHEWS INTL-A
MATX UN Equity,MATSON INC
MBFI UW Equity,MB FINANCIAL
MBI UN Equity,MBIA INC
MBII UQ Equity,MARRONE BIO INNO
MBRG UR Equity,MIDDLEBURG FINAN
MBVT UW Equity,MERCHANTS BCSHS
MBWM UW Equity,MERCANTILE BANK
MCBC UW Equity,MACATAWA BANK
MCBI UW Equity,METROCORP BANCSH
MCC UN Equity,MEDLEY CAPITAL C
MCD UN Equity,MCDONALDS CORP
MCF UA Equity,CONTANGO OIL & G
MCGC UW Equity,MCG CAPITAL CORP
MCHP UW Equity,MICROCHIP TECH
MCHX UW Equity,MARCHEX INC-B
MCK UN Equity,MCKESSON CORP
MCO UN Equity,MOODY'S CORP
MCP UN Equity,MOLYCORP INC
MCRI UW Equity,MONARCH CASINO
MCRL UW Equity,MICREL INC
MCRS UW Equity,MICROS SYSTEMS
MCS UN Equity,MARCUS CORP
MCY UN Equity,MERCURY GEN CORP
MD UN Equity,MEDNAX INC
MDAS UW Equity,MEDASSETS INC
MDC UN Equity,MDC HOLDINGS INC
MDCA UW Equity,MDC PARTNERS-A
MDCI UW Equity,MED ACTION INDS
MDCO UW Equity,MEDICINES COMP
MDLZ UW Equity,MONDELEZ INTER-A
MDP UN Equity,MEREDITH CORP
MDR UN Equity,MCDERMOTT INTL
MDRX UW Equity,ALLSCRIPTS HEALT
MDSO UW Equity,MEDIDATA SOLUTIO
MDT UN Equity,MEDTRONIC INC
MDU UN Equity,MDU RES GROUP
MDVN UW Equity,MEDIVATION INC
MDW UA Equity,MIDWAY GOLD CORP
MDXG UR Equity,MIMEDX GROUP INC
MEAS UW Equity,MEASUREMENT SPEC
MED UN Equity,MEDIFAST INC
MEG UN Equity,MEDIA GENERAL-A
MEI UN Equity,METHODE ELEC
MEIP UR Equity,MEI PHARMA INC
MENT UW Equity,MENTOR GRAPHICS
MET UN Equity,METLIFE INC
METR UW Equity,METRO BANCORP IN
MFA UN Equity,MFA FINANCIAL
MFLX UW Equity,MULTI-FINELINE E
MFRM UW Equity,MATTRESS FIRM HO
MG UN Equity,MISTRAS GROUP IN
MGAM UW Equity,MULTIMEDIA GAMES
MGEE UW Equity,MGE ENERGY INC
MGI UW Equity,MONEYGRAM INTERN
MGLN UW Equity,MAGELLAN HEALTH
MGM UN Equity,MGM RESORTS INTE
MGRC UW Equity,MCGRATH RENTCORP
MHFI UN Equity,MCGRAW HILL FINA
MHGC UQ Equity,MORGANS HOTEL GR
MHK UN Equity,MOHAWK INDS
MHLD UW Equity,MAIDEN HOLDINGS
MHO UN Equity,M/I HOMES INC
MHR UN Equity,MAGNUM HUNTER RE
MIDD UW Equity,MIDDLEBY CORP
MIG UN Equity,MEADOWBROOK INS
MILL UN Equity,MILLER ENERGY RE
MIND UW Equity,MITCHAM INDS
MINI UW Equity,MOBILE MINI
MITK UR Equity,MITEK SYSTEMS
MITT UN Equity,AG MORTGAGE INVE
MJN UN Equity,MEAD JOHNSON
MKC UN Equity,MCCORMICK-N/V
MKL UN Equity,MARKEL CORP
MKSI UW Equity,MKS INSTRUMENTS
MKTG UW Equity,RESPONSYS INC
MKTO UW Equity,MARKETO INC
MKTX UW Equity,MARKETAXESS
MLAB UQ Equity,MESA LABS
MLHR UW Equity,HERMAN MILLER
MLI UN Equity,MUELLER INDS
MLM UN Equity,MARTIN MAR MTLS
MLNK UW Equity,MODUSLINK GLOBAL
MLR UN Equity,MILLER INDS/TENN
MM UN Equity,MILLENNIAL MEDIA
MMC UN Equity,MARSH & MCLENNAN
MMM UN Equity,3M CO
MMS UN Equity,MAXIMUS INC
MMSI UW Equity,MERIT MEDICAL
MN UN Equity,MANNING & NAPIER
MNI UN Equity,MCCLATCHY CO-A
MNK UN Equity,MALLINCKRODT
MNKD UQ Equity,MANNKIND CORP
MNR UN Equity,MONMOUTH REIT-A
MNRO UW Equity,MONRO MUFFLER
MNST UW Equity,MONSTER BEVERAGE
MNTA UW Equity,MOMENTA PHARMACE
MNTX UR Equity,MANITEX INTERNAT
MO UN Equity,ALTRIA GROUP INC
MOD UN Equity,MODINE MFG CO
MODN UN Equity,MODEL N INC
MOFG UW Equity,MIDWESTONE FINAN
MOG/A UN Equity,MOOG INC-CLASS A
MOH UN Equity,MOLINA HEALTHCAR
MOLX UW Equity,MOLEX INC
MON UN Equity,MONSANTO CO
MORN UW Equity,MORNINGSTAR INC
MOS UN Equity,MOSAIC CO/THE
MOSY UQ Equity,MOSYS INC
MOV UN Equity,MOVADO GROUP
MOVE UW Equity,MOVE INC
MPC UN Equity,MARATHON PETROLE
MPO UN Equity,MIDSTATES PETROL
MPW UN Equity,MEDICAL PROPERTI
MPWR UW Equity,MONOLITHIC POWER
MPX UN Equity,MARINE PRODUCTS
MRC UN Equity,MRC GLOBAL INC
MRCY UW Equity,MERCURY SYSTEMS
MRGE UW Equity,MERGE HEALTHCARE
MRH UN Equity,MONTPELIER RE
MRIN UN Equity,MARIN SOFTWARE I
MRK UN Equity,MERCK & CO
MRLN UW Equity,MARLIN BUSINESS
MRO UN Equity,MARATHON OIL
MRTN UW Equity,MARTEN TRANSPORT
MRVL UW Equity,MARVELL TECH GRP
MS UN Equity,MORGAN STANLEY
MSA UN Equity,MINE SAFETY APPL
MSCC UW Equity,MICROSEMI CORP
MSCI UN Equity,MSCI INC
MSEX UW Equity,MIDDLESEX WATER
MSFG UW Equity,MAINSOURCE FINAN
MSFT UW Equity,MICROSOFT CORP
MSG UW Equity,MADISON SQUARE-A
MSI UN Equity,MOTOROLA SOLUTIO
MSL UN Equity,MIDSOUTH BANCORP
MSM UN Equity,MSC INDL DIRECT
MSO UN Equity,MARTHA STEWART-A
MSPD UW Equity,MINDSPEED TECHNO
MSTR UW Equity,MICROSTRATEGY
MTB UN Equity,M&T BANK CORP
MTD UN Equity,METTLER-TOLEDO
MTDR UN Equity,MATADOR RESOURCE
MTG UN Equity,MGIC INVT CORP
MTGE UW Equity,AMERICAN CAPITAL
MTH UN Equity,MERITAGE HOMES C
MTN UN Equity,VAIL RESORTS
MTOR UN Equity,MERITOR INC
MTRN UN Equity,MATERION CORP
MTRX UW Equity,MATRIX SERVICE
MTSC UW Equity,MTS SYSTEMS CORP
MTSI UW Equity,MA-COM TECHNOLOG
MTW UN Equity,MANITOWOC CO
MTX UN Equity,MINERALS TECH
MTZ UN Equity,MASTEC INC
MU UW Equity,MICRON TECH
MUR UN Equity,MURPHY OIL CORP
MUSA UN Equity,MURPHY USA INC
MVC UN Equity,MVC CAPITAL INC
MW UN Equity,MEN'S WEARHOUSE
MWA UN Equity,MUELLER WATER-A
MWIV UW Equity,MWI VETERINARY S
MWV UN Equity,MEADWESTVACO COR
MWW UN Equity,MONSTER WORLDWID
MXIM UW Equity,MAXIM INTEGRATED
MXL UN Equity,MAXLINEAR-CLS A
MXWL UW Equity,MAXWELL TECH INC
MYE UN Equity,MYERS INDS INC
MYGN UW Equity,MYRIAD GENETICS
MYL UW Equity,MYLAN INC
MYRG UW Equity,MYR GROUP INC/DE
N UN Equity,NETSUITE INC
NAFC UW Equity,NASH FINCH CO
NANO UW Equity,NANOMETRICS INC
NASB UR Equity,NASB FINANCIAL
NAT UN Equity,NORDIC AMERICAN
NATH UQ Equity,NATHANS FAMOUS
NATI UW Equity,NATL INSTRUMENTS
NATL UW Equity,NATIONAL INTERST
NATR UR Equity,NATURE'S SUNSHNE
NAV UN Equity,NAVISTAR INTL
NAVB UA Equity,NAVIDEA BIOPHARM
NAVG UW Equity,NAVIGATORS GROUP
NBBC UW Equity,NEWBRIDGE BANCOR
NBCB UW Equity,FIRST NBC BANK H
NBHC UN Equity,NATIONAL-CL A
NBIX UW Equity,NEUROCRINE BIOSC
NBL UN Equity,NOBLE ENERGY INC
NBR UN Equity,NABORS INDS LTD
NBTB UW Equity,NBT BANCORP INC
NC UN Equity,NACCO INDS-CL A
NCI UN Equity,NAVIGANT CONSULT
NCLH UW Equity,NORWEGIAN CRUISE
NCMI UW Equity,NATIONAL CINEMED
NCR UN Equity,NCR CORP
NCS UN Equity,NCI BUILDING SYS
NDAQ UW Equity,NASDAQ OMX GROUP
NDLS UW Equity,NOODLES & CO
NDSN UW Equity,NORDSON CORP
NEE UN Equity,NEXTERA ENERGY
NEM UN Equity,NEWMONT MINING
NEO UR Equity,NEOGENOMICS INC
NEOG UW Equity,NEOGEN CORP
NEON UR Equity,NEONODE INC
NES UN Equity,NUVERRA ENVIRONM
NETE UR Equity,NET ELEMENT INTE
NEU UN Equity,NEWMARKET CORP
NEWP UW Equity,NEWPORT CORP
NEWS UW Equity,NEWSTAR FINANCIA
NFBK UW Equity,NORTHFIELD BANCO
NFG UN Equity,NATL FUEL GAS CO
NFLX UW Equity,NETFLIX INC
NFX UN Equity,NEWFIELD EXPLORA
NGPC UW Equity,NGP CAP RES CO
NGS UN Equity,NATURAL GAS SERV
NGVC UN Equity,NATURAL GROCERS
NHC UA Equity,NATL HEALTHCARE
NHI UN Equity,NATL HEALTH INV
NI UN Equity,NISOURCE INC
NICK UW Equity,NICHOLAS FINL
NIHD UW Equity,NII HOLDING INC
NILE UW Equity,BLUE NILE INC
NJR UN Equity,NEW JERSEY RES
NKE UN Equity,NIKE INC -CL B
NKSH UR Equity,NATL BKSHS INC
NKTR UW Equity,NEKTAR THERAPEUT
NL UN Equity,NL INDUSTRIES
NLNK UQ Equity,NEWLINK GENETICS
NLS UN Equity,NAUTILUS INC
NLSN UN Equity,NIELSEN HOLDINGS
NLY UN Equity,ANNALY CAPITAL M
NMFC UN Equity,NEW MOUNTAIN FIN
NMRX UQ Equity,NUMEREX CORP-A
NNBR UW Equity,NN INC
NNI UN Equity,NELNET INC-CL A
NNN UN Equity,NATIONAL RETAIL
NOC UN Equity,NORTHROP GRUMMAN
NOG UA Equity,NORTHERN OIL AND
NOR UN Equity,NORANDA ALUMINUM
NOV UN Equity,NATL OILWELL VAR
NOW UN Equity,SERVICENOW INC
NP UN Equity,NEENAH PAPER INC
NPBC UW Equity,NATL PENN BCSHS
NPK UN Equity,NATL PRESTO INDS
NPO UN Equity,ENPRO INDUSTRIES
NPSP UQ Equity,NPS PHARM INC
NPTN UN Equity,NEOPHOTONICS COR
NR UN Equity,NEWPARK RESOURCE
NRCIA UW Equity,NATL RESEARCH-A
NRF UN Equity,NORTHSTAR REALTY
NRG UN Equity,NRG ENERGY
NRIM UW Equity,NORTHRIM BANCORP
NRZ UN Equity,NEW RESIDENT
NSC UN Equity,NORFOLK SOUTHERN
NSIT UW Equity,INSIGHT ENTERPRI
NSM UN Equity,NATIONSTAR MORTG
NSP UN Equity,INSPERITY INC
NSPH UQ Equity,NANOSPHERE INC
NSR UN Equity,NEUSTAR INC-CL A
NTAP UW Equity,NETAPP INC
NTCT UW Equity,NETSCOUT SYSTEMS
NTGR UW Equity,NETGEAR INC
NTK UW Equity,NORTEK INC
NTLS UW Equity,NTELOS HOLDINGS
NTRI UW Equity,NUTRISYSTEM INC
NTRS UW Equity,NORTHERN TRUST
NTSC UQ Equity,NATL TECH SYSTEM
NU UN Equity,NORTHEAST UTILS
NUAN UW Equity,NUANCE COMMUNICA
NUE UN Equity,NUCOR CORP
NUS UN Equity,NU SKIN ENTERP-A
NUTR UW Equity,NUTRACEUTICAL IN
NUVA UW Equity,NUVASIVE INC
NVAX UW Equity,NOVAVAX INC
NVDA UW Equity,NVIDIA CORP
NVE UN Equity,NV ENERGY INC
NVEC UR Equity,NVE CORP
NVR UN Equity,NVR INC
NWBI UW Equity,NORTHWEST BANCSH
NWE UN Equity,NORTHWESTERN COR
NWL UN Equity,NEWELL RUBBERMAI
NWLI UW Equity,NATL WEST LIFE-A
NWN UN Equity,NORTHWEST NAT GS
NWPX UW Equity,NORTHWEST PIPE
NWSA UW Equity,NEWS CORP-CL A
NWY UN Equity,NEW YORK & CO
NX UN Equity,QUANEX BUILDING
NXST UQ Equity,NEXSTAR BROADC-A
NXTM UW Equity,NXSTAGE MEDICAL
NYCB UN Equity,NY COMM BANCORP
NYLD UN Equity,NRG YIELD INC-A
NYMT UW Equity,NEW YORK MTGE
NYT UN Equity,NEW YORK TIMES-A
NYX UN Equity,NYSE EURONEXT
O UN Equity,REALTY INCOME
OABC UW Equity,OMNIAMERICAN BAN
OAS UN Equity,OASIS PETROLEUM
OB UN Equity,ONEBEACON INS-A
OC UN Equity,OWENS CORNING
OCFC UW Equity,OCEANFIRST FINL
OCN UN Equity,OCWEN FINL CORP
OCR UN Equity,OMNICARE INC
ODC UN Equity,OIL DRI CORP
ODFL UW Equity,OLD DOMINION FRT
ODP UN Equity,OFFICE DEPOT INC
OEH UN Equity,ORIENT EXPRESS-A
OFC UN Equity,CORP OFFICE PROP
OFG UN Equity,OFG BANCORP
OFIX UW Equity,ORTHOFIX INTL
OFLX UQ Equity,OMEGA FLEX INC
OGE UN Equity,OGE ENERGY CORP
OGXI UR Equity,ONCOGENEX PHARMA
OHI UN Equity,OMEGA HEALTHCARE
OI UN Equity,OWENS-ILLINOIS
OII UN Equity,OCEANEERING INTL
OIS UN Equity,OIL STATES INTL
OKE UN Equity,ONEOK INC
OKSB UW Equity,SOUTHWEST BAN/OK
OLED UW Equity,UNIVERSAL DISPLA
OLN UN Equity,OLIN CORP
OLP UN Equity,ONE LIBERTY PROP
OMC UN Equity,OMNICOM GROUP
OMCL UW Equity,OMNICELL INC
OME UN Equity,OMEGA PROTEIN CP
OMED UW Equity,ONCOMED PHARMACE
OMER UQ Equity,OMEROS CORP
OMEX UR Equity,ODYSSEY MARINE
OMG UN Equity,OM GROUP INC
OMI UN Equity,OWENS & MINOR
OMN UN Equity,OMNOVA SOLUTIONS
OMX UN Equity,OFFICEMAX INC
ONB UW Equity,OLD NATL BANCORP
ONE UN Equity,HIGHER ONE HOLD
ONNN UW Equity,ON SEMICONDUCTOR
ONTX UW Equity,ONCONOVA THERAPE
OPEN UW Equity,OPENTABLE INC
OPK UN Equity,OPKO HEALTH
OPLK UW Equity,OPLINK COMMUNICA
OPTR UW Equity,OPTIMER PHARMACE
OPY UN Equity,OPPENHEIMER HO-A
ORA UN Equity,ORMAT TECHNOLOGI
ORB UN Equity,ORBITAL SCIENCES
ORBC UQ Equity,ORBCOMM INC
ORCL UN Equity,ORACLE CORP
OREX UW Equity,OREXIGEN THERAPE
ORI UN Equity,OLD REPUB INTL
ORIT UW Equity,ORITANI FINANCIA
ORLY UW Equity,O'REILLY AUTOMOT
ORN UN Equity,ORION MARINE
OSIR UQ Equity,OSIRIS THERAPEUT
OSIS UW Equity,OSI SYSTEMS INC
OSK UN Equity,OSHKOSH CORP
OSTK UQ Equity,OVERSTOCK.COM
OSUR UW Equity,ORASURE TECH
OTTR UW Equity,OTTER TAIL CORP
OUTR UW Equity,OUTERWALL INC
OVAS UQ Equity,OVASCIENCE INC
OVTI UW Equity,OMNIVISION TECH
OWW UN Equity,ORBITZ WORLDWIDE
OXM UN Equity,OXFORD INDS INC
OXY UN Equity,OCCIDENTAL PETE
OZRK UW Equity,BANK OZARKS
P UN Equity,PANDORA MEDIA IN
PACB UW Equity,PACIFIC BIOSCIEN
PACR UW Equity,PACER INTL INC
PACW UW Equity,PACWEST BANCORP
PAG UN Equity,PENSKE AUTOMOTIV
PANW UN Equity,PALO ALTO NETWOR
PATK UQ Equity,PATRICK INDS INC
PATR UW Equity,PATRIOT TRANS HD
PAY UN Equity,VERIFONE SYSTEMS
PAYX UW Equity,PAYCHEX INC
PB UN Equity,PROSPERITY BNCSH
PBCT UW Equity,PEOPLE'S UNITED
PBF UN Equity,PBF ENERGY INC
PBH UN Equity,PRESTIGE BRANDS
PBI UN Equity,PITNEY BOWES INC
PBNY UN Equity,PROVIDENT NEW YO
PBY UN Equity,PEP BOYS MM&J
PBYI UN Equity,PUMA BIOTECHNOLO
PCAR UW Equity,PACCAR INC
PCBK UW Equity,PAC CONTL CORP
PCCC UW Equity,PC CONNECTION
PCG UN Equity,PG&E CORP
PCH UW Equity,POTLATCH CORP
PCL UN Equity,PLUM CREEK TIMBR
PCLN UW Equity,PRICELINE.COM
PCO UW Equity,PENDRELL CORP
PCP UN Equity,PRECISION CASTPT
PCRX UW Equity,PACIRA PHARMACEU
PCTI UQ Equity,PC-TEL INC
PCYC UR Equity,PHARMACYCLICS
PCYO UR Equity,PURE CYCLE CORP
PDCE UW Equity,PDC ENERGY INC
PDCO UW Equity,PATTERSON COS
PDFS UW Equity,PDF SOLUTIONS
PDLI UW Equity,PDL BIOPHARMA IN
PDM UN Equity,PIEDMONT OFFIC-A
PEB UN Equity,PEBBLEBROOK HOTE
PEBO UW Equity,PEOPLES BANC INC
PEG UN Equity,PUB SERV ENTERP
PEGA UW Equity,PEGASYSTEMS INC
PEI UN Equity,PENN REIT
PENN UW Equity,PENN NATL GAMING
PENX UQ Equity,PENFORD CORP
PEP UN Equity,PEPSICO INC
PERY UW Equity,PERRY ELLIS INTL
PES UN Equity,PIONEER ENERGY S
PETM UW Equity,PETSMART INC
PETS UW Equity,PETMED EXPRESS
PETX UQ Equity,ARATANA THERAPEU
PF UN Equity,PINNACLE FOODS I
PFBC UW Equity,PREFERRED BANK
PFE UN Equity,PFIZER INC
PFG UN Equity,PRINCIPAL FINL
PFLT UW Equity,PENNANTPARK FLOA
PFMT UW Equity,PERFORMANT FINAN
PFPT UQ Equity,PROOFPOINT INC
PFS UN Equity,PROVIDENT FINANC
PFSI UN Equity,PENNYMAC FINAN-A
PG UN Equity,PROCTER & GAMBLE
PGC UW Equity,PEAPACK GLADSTON
PGEM UN Equity,PLY GEM HOLDINGS
PGI UN Equity,PREMIERE GLOBAL
PGNX UW Equity,PROGENICS PHARM
PGR UN Equity,PROGRESSIVE CORP
PGTI UQ Equity,PGT INC
PH UN Equity,PARKER HANNIFIN
PHH UN Equity,PHH CORP
PHIIK UQ Equity,PHI INC-NV
PHM UN Equity,PULTEGROUP INC
PHMD UW Equity,PHOTOMEDEX INC
PHX UN Equity,PANHANDLE OIL-A
PICO UW Equity,PICO HOLDINGS
PII UN Equity,POLARIS INDS
PIKE UN Equity,PIKE ELECTRIC CO
PIR UN Equity,PIER 1 IMPORTS
PJC UN Equity,PIPER JAFFRAY CO
PKD UN Equity,PARKER DRILLING
PKE UN Equity,PARK ELECTROCHEM
PKG UN Equity,PACKAGING CORP
PKI UN Equity,PERKINELMER INC
PKOH UW Equity,PARK OHIO HLDGS
PKT UW Equity,PROCERA NETWORKS
PKY UN Equity,PARKWAY PPTYS/MD
PL UN Equity,PROTECTIVE LIFE
PLAB UW Equity,PHOTRONICS INC
PLCE UW Equity,CHILDREN'S PLACE
PLCM UW Equity,POLYCOM INC
PLD UN Equity,PROLOGIS INC
PLL UN Equity,PALL CORP
PLMT UR Equity,PALMETTO BANCSHA
PLOW UN Equity,DOUGLAS DYNAMICS
PLPC UW Equity,PREFORMED LINE
PLPM UW Equity,PLANET PAYMENT I
PLT UN Equity,PLANTRONICS INC
PLUS UW Equity,EPLUS INC
PLXS UW Equity,PLEXUS CORP
PLXT UQ Equity,PLX TECHNOLOGY
PM UN Equity,PHILIP MORRIS IN
PMC UN Equity,PHARMERICA CORP
PMCS UW Equity,PMC-SIERRA INC
PMFG UW Equity,PMFG INC
PMT UN Equity,PENNYMAC MORTGAG
PMTC UW Equity,PTC INC
PNC UN Equity,PNC FINANCIAL SE
PNFP UW Equity,PINNACLE FINL
PNK UN Equity,PINNACLE ENTMNT
PNM UN Equity,PNM RESOURCES
PNNT UW Equity,PENNANTPARK INVE
PNR UN Equity,PENTAIR LTD-REG
PNRA UW Equity,PANERA BREAD-A
PNW UN Equity,PINNACLE WEST
PNX UN Equity,PHOENIX COS
PNY UN Equity,PIEDMONT NAT GAS
PODD UW Equity,INSULET CORP
POL UN Equity,POLYONE CORP
POM UN Equity,PEPCO HOLDINGS
POOL UW Equity,POOL CORP
POR UN Equity,PORTLAND GENERAL
POST UN Equity,POST HOLDINGS IN
POWI UW Equity,POWER INTEGRATIO
POWL UW Equity,POWELL INDS INC
POWR UN Equity,POWERSECURE INTE
POZN UW Equity,POZEN INC
PPBI UQ Equity,PACIFIC PREMIER
PPC UW Equity,PILGRIM'S PRIDE
PPG UN Equity,PPG INDS INC
PPHM UR Equity,PEREGRINE PHARMA
PPL UN Equity,PPL CORPORATION
PPO UN Equity,POLYPORE INTERNA
PPS UN Equity,POST PROPERTIES
PQ UN Equity,PETROQUEST ENERG
PRA UN Equity,PROASSURANCE COR
PRAA UW Equity,PORTFOLIO RECOVE
PRE UN Equity,PARTNERRE LTD
PRFT UW Equity,PERFICIENT INC
PRGO UN Equity,PERRIGO CO
PRGS UW Equity,PROGRESS SOFTWAR
PRGX UW Equity,PRGX GLOBAL INC
PRI UN Equity,PRIMERICA INC
PRIM UW Equity,PRIMORIS SERVICE
PRK UA Equity,PARK NATL CORP
PRKR UR Equity,PARKERVISION
PRLB UN Equity,PROTO LABS INC
PRO UN Equity,PROS HOLDINGS IN
PROV UW Equity,PROVIDENT FNL HL
PRSC UW Equity,PROVIDENCE SERVI
PRTA UQ Equity,PROTHENA CORP PL
PRU UN Equity,PRUDENTL FINL
PRXL UW Equity,PAREXEL INTL
PSA UN Equity,PUBLIC STORAGE
PSB UN Equity,PS BUSINESS PARK
PSEC UW Equity,PROSPECT CAPITAL
PSEM UW Equity,PERICOM SEMICOND
PSIX UR Equity,POWER SOLUTIONS
PSMI UW Equity,PEREGRINE SEMICO
PSMT UW Equity,PRICESMART INC
PSTB UW Equity,PARK STERLING CO
PSUN UW Equity,PAC SUNWEAR CAL
PSX UN Equity,PHILLIPS 66
PTCT UW Equity,PTC THERAPEUTICS
PTEN UW Equity,PATTERSON-UTI
PTGI UN Equity,PRIMUS TELECOMMU
PTLA UQ Equity,PORTOLA PHARMACE
PTP UN Equity,PLATINUM UNDERWR
PTRY UW Equity,PANTRY INC
PTX UQ Equity,PERNIX THERAPEUT
PVA UN Equity,PENN VIRGINIA
PVH UN Equity,PVH CORP
PVTB UW Equity,PRIVATEBANCORP
PWOD UW Equity,PENNS WOODS BNCP
PWR UN Equity,QUANTA SERVICES
PX UN Equity,PRAXAIR INC
PXD UN Equity,PIONEER NATURAL
PZG UA Equity,PARAMOUNT GOLD
PZN UN Equity,PZENA INVES-CL A
PZZA UW Equity,PAPA JOHN'S INTL
Q UN Equity,QUINTILES TRANSN
QADA UW Equity,QAD INC-A
QCOM UW Equity,QUALCOMM INC
QCOR UW Equity,QUESTCOR PHARM
QDEL UW Equity,QUIDEL CORP
QEP UN Equity,QEP RESOURCES IN
QGEN UW Equity,QIAGEN NV
QLGC UW Equity,QLOGIC CORP
QLIK UW Equity,QLIK TECHNOLOGIE
QLTY UQ Equity,QUALITY DISTRIBU
QLYS UW Equity,QUALYS INC
QNST UW Equity,QUINSTREET INC
QSII UW Equity,QUALITY SYSTEMS
QTM UN Equity,QUANTUM CORP
QUAD UN Equity,QUAD GRAPHICS IN
R UN Equity,RYDER SYSTEM INC
RAD UN Equity,RITE AID CORP
RAI UN Equity,REYNOLDS AMERICA
RAIL UW Equity,FREIGHTCAR AMERI
RALY UN Equity,RALLY SOFTWARE D
RAS UN Equity,RAIT FINANCIAL T
RATE UN Equity,BANKRATE INC
RAVN UW Equity,RAVEN INDUSTRIES
RAX UN Equity,RACKSPACE HOSTIN
RBC UN Equity,REGAL BELOIT
RBCAA UW Equity,REPUBLIC BNCRP-A
RBCN UW Equity,RUBICON TECHNOLO
RCAP UN Equity,RCS CAPITAL CORP
RCII UW Equity,RENT-A-CENTER
RCKB UW Equity,ROCKVILLE FINANC
RCL UN Equity,ROYAL CARIBBEAN
RCPT UQ Equity,RECEPTOS INC
RDC UN Equity,ROWAN COMPANIE-A
RDEN UW Equity,ELIZABETH ARDEN
RDI UR Equity,READING INTL-A
RDN UN Equity,RADIAN GROUP INC
RE UN Equity,EVEREST RE GROUP
RECN UW Equity,RESOURCES CONNEC
REG UN Equity,REGENCY CENTERS
REGI UW Equity,RENEWABLE ENERGY
REGN UW Equity,REGENERON PHARM
REIS UQ Equity,REIS INC
RELL UW Equity,RICHARDSON ELEC
REMY UR Equity,REMY INTERNATION
REN UN Equity,RESOLUTE ENERGY
RENT UW Equity,RENTRAK CORP
RES UN Equity,RPC INC
RESI UN Equity,ALTISOURCE
REV UN Equity,REVLON INC-A
REX UN Equity,REX AMERICAN RES
REXI UW Equity,RESOURCE AMER-A
REXR UN Equity,REXFORD INDUSTRI
REXX UW Equity,REX ENERGY CORP
RF UN Equity,REGIONS FINANCIA
RFMD UW Equity,RF MICRO DEVICES
RFP UN Equity,RESOLUTE FOREST
RGA UN Equity,REINSURANCE GROU
RGC UN Equity,REGAL ENTERTAI-A
RGEN UW Equity,REPLIGEN CORP
RGLD UW Equity,ROYAL GOLD INC
RGLS UQ Equity,REGULUS THERAPEU
RGR UN Equity,STURM RUGER & CO
RGS UN Equity,REGIS CORP
RH UN Equity,RESTORATION HARD
RHI UN Equity,ROBERT HALF INTL
RHP UN Equity,RYMAN HOSPITALIT
RHT UN Equity,RED HAT INC
RIGL UW Equity,RIGEL PHARMACEUT
RJET UW Equity,REPUBLIC AIRWAYS
RJF UN Equity,RAYMOND JAMES
RKT UN Equity,ROCK TENN CO-A
RKUS UN Equity,RUCKUS WIRELESS
RL UN Equity,RALPH LAUREN COR
RLD UN Equity,REALD INC
RLGY UN Equity,REALOGY HOLDINGS
RLI UN Equity,RLI CORP
RLJ UN Equity,RLJ LODGING TRUS
RLOC UW Equity,REACHLOCAL INC
RM UN Equity,REGIONAL MANAGEM
RMBS UW Equity,RAMBUS INC
RMD UN Equity,RESMED INC
RMTI UQ Equity,ROCKWELL MEDICAL
RNDY UN Equity,ROUNDY'S INC
RNET UW Equity,RIGNET INC
RNR UN Equity,RENAISSANCERE
RNST UW Equity,RENASANT CORP
RNWK UW Equity,REALNETWORKS INC
ROC UN Equity,ROCKWOOD HOLDING
ROCK UW Equity,GIBRALTAR INDUST
ROCM UQ Equity,ROCHESTER MEDICA
ROG UN Equity,ROGERS CORP
ROIC UW Equity,RETAIL OPPORTUNI
ROK UN Equity,ROCKWELL AUTOMAT
ROL UN Equity,ROLLINS INC
ROLL UW Equity,RBC BEARINGS INC
ROMA UW Equity,ROMA FINANCIAL C
ROP UN Equity,ROPER INDS
ROSE UW Equity,ROSETTA RESOURCE
ROST UW Equity,ROSS STORES INC
ROVI UW Equity,ROVI CORP
RP UW Equity,REALPAGE INC
RPAI UN Equity,RETAIL PROPERTIE
RPM UN Equity,RPM INTL INC
RPRX UR Equity,REPROS THERAPEUT
RPT UN Equity,RAMCO-GERSHENSON
RPTP UQ Equity,RAPTOR PHARMACEU
RPXC UW Equity,RPX CORP
RRC UN Equity,RANGE RESOURCES
RRD UW Equity,RR DONNELLEY & S
RRGB UW Equity,RED ROBIN GOURME
RRTS UN Equity,ROADRUNNER TRANS
RS UN Equity,RELIANCE STEEL
RSE UN Equity,ROUSE PROPER
RSG UN Equity,REPUBLIC SVCS
RSH UN Equity,RADIOSHACK CORP
RSO UN Equity,RESOURCE CAPITAL
RST UN Equity,ROSETTA STONE IN
RSTI UW Equity,ROFIN-SINAR TECH
RSYS UW Equity,RADISYS CORP
RT UN Equity,RUBY TUESDAY INC
RTEC UW Equity,RUDOLPH TECHNOL
RTI UN Equity,RTI INTL METALS
RTIX UW Equity,RTI SURGICAL INC
RTK UR Equity,RENTECH INC
RTN UN Equity,RAYTHEON CO
RUSHA UW Equity,RUSH ENTER-CL A
RUTH UW Equity,RUTH'S HOSPITALI
RVBD UW Equity,RIVERBED TECHNOL
RVLT UR Equity,REVOLUTION LIGHT
RWT UN Equity,REDWOOD TRUST
RXN UN Equity,REXNORD CORP
RYL UN Equity,RYLAND GROUP INC
RYN UN Equity,RAYONIER INC
S UN Equity,SPRINT CORP
SAAS UR Equity,INCONTACT INC
SAFM UW Equity,SANDERSON FARMS
SAFT UW Equity,SAFETY INSURANCE
SAH UN Equity,SONIC AUTOMOTI-A
SAIA UW Equity,SAIA INC
SAIC UN Equity,SCIENCE APPLICAT
SALE UW Equity,RETAILMENOT INC
SALM UQ Equity,SALEM COMMUN -A
SAM UN Equity,BOSTON BEER-A
SAMG UQ Equity,SILVERCREST AS-A
SANM UW Equity,SANMINA CORP
SAPE UW Equity,SAPIENT CORP
SASR UW Equity,SANDY SPRING BAN
SATS UW Equity,ECHOSTAR CORP-A
SAVE UW Equity,SPIRIT AIRLINES
SBAC UW Equity,SBA COMM CORP-A
SBCF UW Equity,SEACOAST BANK/FL
SBGI UW Equity,SINCLAIR BROAD-A
SBH UN Equity,SALLY BEAUTY HOL
SBNY UW Equity,SIGNATURE BANK
SBRA UW Equity,SABRA HEALTH CAR
SBSI UW Equity,SOUTHSIDE BAN IN
SBUX UW Equity,STARBUCKS CORP
SBY UN Equity,SILVER BAY REALT
SCBT UW Equity,FIRST FINANCIAL
SCCO UN Equity,SOUTHERN COPPER
SCG UN Equity,SCANA CORP
SCHL UW Equity,SCHOLASTIC CORP
SCHN UW Equity,SCHNITZER STEEL
SCHW UN Equity,SCHWAB (CHARLES)
SCI UN Equity,SERVICE CORP INT
SCL UN Equity,STEPAN CO
SCLN UW Equity,SCICLONE PHARM
SCM UN Equity,STELLUS CAPITAL
SCMP UQ Equity,SUCAMPO PHA-CL A
SCOR UW Equity,COMSCORE INC
SCS UN Equity,STEELCASE INC-A
SCSC UW Equity,SCANSOURCE INC
SCSS UW Equity,SELECT COMFORT C
SCTY UQ Equity,SOLARCITY CORP
SCVL UW Equity,SHOE CARNIVAL
SD UN Equity,SANDRIDGE ENERGY
SDRL UN Equity,SEADRILL LTD
SE UN Equity,SPECTRA ENERG
SEAC UW Equity,SEACHANGE INTL
SEAS UN Equity,SEAWORLD ENTERTA
SEB UA Equity,SEABOARD CORP
SEE UN Equity,SEALED AIR CORP
SEIC UW Equity,SEI INVESTMENTS
SEM UN Equity,SELECT MEDICAL
SEMG UN Equity,SEMGROUP CORP-A
SENEA UW Equity,SENECA FOODS-A
SF UN Equity,STIFEL FINANCIAL
SFE UN Equity,SAFEGUARD SCIENT
SFG UN Equity,STANCORP FINL
SFI UN Equity,ISTAR FINANCIAL
SFL UN Equity,SHIP FINANCE
SFLY UW Equity,SHUTTERFLY INC
SFM UW Equity,SPROUTS FARMERS
SFNC UW Equity,SIMMONS FIRST -A
SFY UN Equity,SWIFT ENERGY CO
SGA UA Equity,SAGA COMM-CL A
SGEN UW Equity,SEATTLE GENETICS
SGI UW Equity,SILICON GRAPHICS
SGK UN Equity,SCHAWK INC
SGMO UW Equity,SANGAMO BIOSCIEN
SGMS UW Equity,SCIENTIFIC GAM-A
SGNT UQ Equity,SAGENT PHARMACEU
SGY UN Equity,STONE ENERGY
SGYP UQ Equity,SYNERGY PHARMACE
SHEN UW Equity,SHENANDOAH TELEC
SHFL UW Equity,SHFL ENTERTAINME
SHLD UW Equity,SEARS HOLDINGS
SHLM UW Equity,SCHULMAN (A)
SHLO UQ Equity,SHILOH INDS
SHO UN Equity,SUNSTONE HOTEL
SHOO UW Equity,STEVEN MADDEN
SHOR UW Equity,SHORETEL INC
SHOS UR Equity,SEARS HOMETOWN A
SHW UN Equity,SHERWIN-WILLIAMS
SIAL UW Equity,SIGMA-ALDRICH
SIG UN Equity,SIGNET JEWELERS
SIGA UQ Equity,SIGA TECH INC
SIGI UW Equity,SELECT INS GRP
SIGM UW Equity,SIGMA DESIGNS
SIMG UW Equity,SILICON IMAGE
SIR UN Equity,SELECT INCOME RE
SIRI UW Equity,SIRIUS XM RADIO
SIRO UW Equity,SIRONA DENTAL SY
SIVB UW Equity,SVB FINANCIAL GR
SIX UN Equity,SIX FLAGS ENTERT
SJI UN Equity,SOUTH JERSEY IND
SJM UN Equity,JM SMUCKER CO
SJW UN Equity,SJW CORP
SKH UN Equity,SKILLED HEALTHCA
SKS UN Equity,SAKS INC
SKT UN Equity,TANGER FACTORY
SKUL UW Equity,SKULLCANDY INC
SKX UN Equity,SKECHERS USA-A
SKYW UW Equity,SKYWEST INC
SLAB UW Equity,SILICON LABS
SLB UN Equity,SCHLUMBERGER LTD
SLCA UN Equity,US SILICA HOLDIN
SLG UN Equity,SL GREEN REALTY
SLGN UW Equity,SILGAN HOLDINGS
SLH UN Equity,SOLERA HOLDINGS
SLM UW Equity,SLM CORP
SLRC UW Equity,SOLAR CAPITAL LT
SLTM UW Equity,SOLTA MEDICAL IN
SLXP UW Equity,SALIX PHARM
SM UN Equity,SM ENERGY CO
SMA UN Equity,SYMMETRY MEDICAL
SMCI UW Equity,SUPER MICRO COMP
SMG UN Equity,SCOTTS MIRACLE-A
SMP UN Equity,STANDARD MOTOR
SMRT UW Equity,STEIN MART INC
SMTC UW Equity,SEMTECH CORP
SN UN Equity,SANCHEZ ENERGY C
SNA UN Equity,SNAP-ON INC
SNAK UQ Equity,INVENTURE FOODS
SNBC UW Equity,SUN BANCORP-NJ
SNCR UW Equity,SYNCHRONOSS TECH
SNDK UW Equity,SANDISK CORP
SNH UN Equity,SENIOR HOUSING
SNHY UW Equity,SUN HYDRAULICS
SNI UN Equity,SCRIPPS NET-CL A
SNPS UW Equity,SYNOPSYS INC
SNSS UR Equity,SUNESIS PHARMAC
SNTA UQ Equity,SYNTA PHARMACEUT
SNTS UW Equity,SANTARUS INC
SNV UN Equity,SYNOVUS FINL
SNX UN Equity,SYNNEX CORP
SO UN Equity,SOUTHERN CO
SON UN Equity,SONOCO PRODUCTS
SONC UW Equity,SONIC CORP
SONS UW Equity,SONUS NETWORKS
SPA UN Equity,SPARTON CORP
SPAR UW Equity,SPARTAN MOTORS
SPB UN Equity,SPECTRUM BRANDS
SPDC UQ Equity,SPEED COMMERCE I
SPF UN Equity,STANDARD PACIFIC
SPG UN Equity,SIMON PROPERTY
SPLK UW Equity,SPLUNK INC
SPLS UW Equity,STAPLES INC
SPN UN Equity,SUPERIOR ENERGY
SPNC UW Equity,SPECTRANETICS
SPNS UR Equity,SAPIENS INTL
SPPI UW Equity,SPECTRUM PHARMAC
SPR UN Equity,SPIRIT AEROSYS-A
SPRT UW Equity,SUPPORT.COM INC
SPSC UW Equity,SPS COMMERCE INC
SPTN UW Equity,SPARTAN STORES
SPW UN Equity,SPX CORP
SPWR UW Equity,SUNPOWER CORP
SQI UW Equity,SCIQUEST INC
SQNM UW Equity,SEQUENOM INC
SRC UN Equity,SPIRIT REALTY
SRCE UW Equity,1ST SOURCE CORP
SRCL UW Equity,STERICYCLE INC
SRDX UW Equity,SURMODICS INC
SRE UN Equity,SEMPRA ENERGY
SREV UW Equity,SERVICESOURCE IN
SRI UN Equity,STONERIDGE INC
SRPT UQ Equity,SAREPTA THERAPEU
SSD UN Equity,SIMPSON MFG
SSI UN Equity,STAGE STORES INC
SSNC UW Equity,SS&C TECHNOLOGIE
SSNI UN Equity,SILVER SPRING NE
SSP UN Equity,EW SCRIPPS-A
SSS UN Equity,SOVRAN SELF STOR
SSTK UN Equity,SHUTTERSTOCK INC
SSYS UW Equity,STRATASYS LTD
STAA UQ Equity,STAAR SURGICAL
STAG UN Equity,STAG INDUSTRIAL
STAN UW Equity,STANDARD PARKING
STBA UW Equity,S & T BANCORP
STBZ UR Equity,STATE BANK FINAN
STC UN Equity,STEWART INFO SVC
STCK UW Equity,STOCK BUILDING S
STE UN Equity,STERIS CORP
STEI UW Equity,STEWART ENTERP-A
STEL UW Equity,STELLARONE CORP
STFC UW Equity,STATE AUTO FINL
STI UN Equity,SUNTRUST BANKS
STJ UN Equity,ST JUDE MEDICAL
STL UN Equity,STERLING BANCORP
STLD UW Equity,STEEL DYNAMICS
STML UR Equity,STEMLINE THERAPE
STMP UW Equity,STAMPS.COM INC
STNG UN Equity,SCORPIO TANKERS
STNR UW Equity,STEINER LEISURE
STR UN Equity,QUESTAR CORP
STRA UW Equity,STRAYER EDUCATIO
STRL UW Equity,STERLING CONSTRU
STRP UA Equity,STRAIGHT PATH-B
STRZA UW Equity,STARZ - A
STSA UR Equity,STERLING FINL/WA
STSI UQ Equity,STAR SCIENTIFIC
STT UN Equity,STATE ST CORP
STWD UN Equity,STARWOOD PROPERT
STZ UN Equity,CONSTELLATION-A
SUBK UW Equity,SUFFOLK BANCORP
SUI UN Equity,SUN COMMUNITIES
SUNE UN Equity,SUNEDISON INC
SUNS UW Equity,SOLAR SENIOR CAP
SUP UN Equity,SUPERIOR INDS
SUPN UQ Equity,SUPERNUS PHARMAC
SUPX UW Equity,SUPERTEX INC
SUSQ UW Equity,SUSQUEHAN BNCSHS
SUSS UN Equity,SUSSER HOLDINGS
SVU UN Equity,SUPERVALU INC
SVVC UQ Equity,FIRSTHAND TECHNO
SWC UN Equity,STILLWATER MININ
SWFT UN Equity,SWIFT TRANSPORTA
SWHC UW Equity,SMITH & WESSON H
SWI UN Equity,SOLARWINDS INC
SWK UN Equity,STANLEY BLACK &
SWKS UW Equity,SKYWORKS SOLUTIO
SWM UN Equity,SCHWEITZER-MAUDU
SWN UN Equity,SOUTHWESTRN ENGY
SWS UN Equity,SWS GROUP INC
SWSH UW Equity,SWISHER HYGIENE
SWX UN Equity,SOUTHWEST GAS CP
SWY UN Equity,SAFEWAY INC
SXC UN Equity,SUNCOKE ENERGY I
SXI UN Equity,STANDEX INTL CO
SXT UN Equity,SENSIENT TECHNOL
SYA UN Equity,SYMETRA FINANCIA
SYBT UW Equity,SY BANCORP
SYK UN Equity,STRYKER CORP
SYKE UW Equity,SYKES ENTERPRISE
SYMC UW Equity,SYMANTEC CORP
SYMM UW Equity,SYMMETRICOM INC
SYNA UW Equity,SYNAPTICS INC
SYNT UW Equity,SYNTEL INC
SYRG UA Equity,SYNERGY RESOURCE
SYUT UW Equity,SYNUTRA INTERNAT
SYX UN Equity,SYSTEMAX INC
SYY UN Equity,SYSCO CORP
SZYM UW Equity,SOLAZYME INC
T UN Equity,AT&T INC
TAHO UN Equity,TAHOE RESOURCES
TAL UN Equity,TAL INTERNATIONA
TAM UN Equity,TAMINCO CORP
TAP UN Equity,MOLSON COORS-B
TASR UW Equity,TASER INTL
TAST UW Equity,CARROLS RESTAURA
TAX UQ Equity,JTH HOLDING-CL A
TAXI UW Equity,MEDALLION FINL
TAYC UW Equity,TAYLOR CAPITAL
TBBK UW Equity,BANCORP INC/THE
TBI UN Equity,TRUEBLUE INC
TBNK UW Equity,TERRITORIAL BANC
TCAP UN Equity,TRIANGLE CAPITAL
TCB UN Equity,TCF FINL CORP
TCBI UW Equity,TEXAS CAPITAL BA
TCBK UW Equity,TRICO BANCSHARES
TCO UN Equity,TAUBMAN CENTERS
TCPC UW Equity,TCP CAPITAL CORP
TCRD UW Equity,THL CREDIT INC
TDC UN Equity,TERADATA CORP
TDG UN Equity,TRANSDIGM GROUP
TDS UN Equity,TELEPHONE & DATA
TDW UN Equity,TIDEWATER INC
TDY UN Equity,TELEDYNE TECH
TE UN Equity,TECO ENERGY INC
TEAR UR Equity,TEARLAB CORP
TECD UW Equity,TECH DATA CORP
TECH UW Equity,TECHNE CORP
TECUA UW Equity,TECUMSEH PROD-A
TEG UN Equity,INTEGRYS ENERGY
TEN UN Equity,TENNECO INC
TER UN Equity,TERADYNE INC
TESO UW Equity,TESCO CORP
TESS UW Equity,TESSCO TECH
TEX UN Equity,TEREX CORP
TFM UW Equity,FRESH MARKET INC
TFSL UW Equity,TFS FINANCIAL CO
TFX UN Equity,TELEFLEX INC
TG UN Equity,TREDEGAR CORP
TGE UW Equity,TGC INDUSTRIES
TGH UN Equity,TEXTAINER GROUP
TGI UN Equity,TRIUMPH GROUP
TGT UN Equity,TARGET CORP
TGTX UR Equity,TG THERAPEUTICS
THC UN Equity,TENET HEALTHCARE
THFF UW Equity,FIRST FIN COR/IN
THG UN Equity,HANOVER INSURANC
THLD UR Equity,THRESHOLD PHARMA
THO UN Equity,THOR INDUSTRIES
THOR UW Equity,THORATEC CORP
THR UN Equity,THERMON GROUP HO
THRM UW Equity,GENTHERM INC
THRX UW Equity,THERAVANCE
THS UN Equity,TREEHOUSE FOODS
TIBX UW Equity,TIBCO SOFTWARE
TICC UW Equity,TICC CAPITAL COR
TIF UN Equity,TIFFANY & CO
TILE UW Equity,INTERFACE INC
TIS UA Equity,ORCHIDS PAPER PR
TISI UN Equity,TEAM INC
TITN UW Equity,TITAN MACHINERY
TIVO UW Equity,TIVO INC
TJX UN Equity,TJX COS INC
TK UN Equity,TEEKAY CORP
TKR UN Equity,TIMKEN CO
TLAB UW Equity,TELLABS INC
TLYS UN Equity,TILLY'S INC-CL A
TMH UN Equity,TEAM HEALTH HOLD
TMHC UN Equity,TAYLOR MORRISO-A
TMK UN Equity,TORCHMARK CORP
TMO UN Equity,THERMO FISHER
TMP UA Equity,TOMPKINS FINANCI
TMUS UN Equity,T-MOBILE US INC
TNAV UW Equity,TELENAV INC
TNC UN Equity,TENNANT CO
TNGO UW Equity,TANGOE INC/CT
TNK UN Equity,TEEKAY TANK-CL A
TOL UN Equity,TOLL BROTHERS
TOWN UW Equity,TOWNE BANK
TOWR UN Equity,TOWER INTERNATIO
TPC UN Equity,TUTOR PERINI COR
TPGI UN Equity,THOMAS PROPERTIE
TPH UN Equity,TRI POINTE HOMES
TPLM UA Equity,TRIANGLE PETROLE
TPRE UN Equity,THIRD POINT REIN
TPX UN Equity,TEMPUR SEALY INT
TQNT UW Equity,TRIQUINT SEMICON
TR UN Equity,TOOTSIE ROLL IND
TRAK UW Equity,DEALERTRACK TECH
TRC UN Equity,TEJON RANCH CO
TREE UQ Equity,TREE.COM INC
TREX UN Equity,TREX CO INC
TRGP UN Equity,TARGA RESOURCES
TRGT UW Equity,TARGACEPT INC
TRI UN Equity,THOMSON REUTERS
TRIP UW Equity,TRIPADVISOR INC
TRK UN Equity,SPEEDWAY MOTORSP
TRLA UN Equity,TRULIA INC
TRMB UW Equity,TRIMBLE NAVIG
TRMK UW Equity,TRUSTMARK CORP
TRMR UN Equity,TREMOR VIDEO INC
TRN UN Equity,TRINITY INDUSTRI
TRNO UN Equity,TERRENO REALTY C
TRNX UW Equity,TORNIER NV
TROW UW Equity,T ROWE PRICE GRP
TRR UN Equity,TRC COS INC
TRS UW Equity,TRIMAS CORP
TRST UW Equity,TRUSTCO BANK NY
TRV UN Equity,TRAVELERS COS IN
TRW UN Equity,TRW AUTOMOTIVE
TSC UW Equity,TRISTATE CAPITAL
TSCO UW Equity,TRACTOR SUPPLY
TSLA UW Equity,TESLA MOTORS
TSN UN Equity,TYSON FOODS-A
TSO UN Equity,TESORO CORP
TSRA UW Equity,TESSERA TECHNOL
TSRO UW Equity,TESARO INC
TSS UN Equity,TOTAL SYS SERVS
TSYS UW Equity,TELE SYSTEMS-A
TTC UN Equity,TORO CO
TTEC UW Equity,TELETECH HLDGS
TTEK UW Equity,TETRA TECH INC
TTGT UQ Equity,TECHTARGET
TTI UN Equity,TETRA TECHNOLOGI
TTMI UW Equity,TTM TECHNOLOGIES
TTPH UQ Equity,TETRAPHASE PHARM
TTS UW Equity,TILE SHOP HLDGS
TTWO UW Equity,TAKE-TWO INTERAC
TUC UN Equity,MAC-GRAY CORP
TUES UW Equity,TUESDAY MORNING
TUMI UN Equity,TUMI HOLDINGS IN
TUP UN Equity,TUPPERWARE BRAND
TW UN Equity,TOWERS WATSON-A
TWC UN Equity,TIME WARNER CABL
TWER UR Equity,TOWERSTREAM CORP
TWGP UW Equity,TOWER GROUP INTE
TWI UN Equity,TITAN INTL INC
TWIN UW Equity,TWIN DISC INC
TWMC UQ Equity,TRANS WORLD ENTM
TWO UN Equity,TWO HARBORS INVE
TWTC UW Equity,TW TELECOM INC
TWX UN Equity,TIME WARNER INC
TXI UN Equity,TEXAS INDUSTRIES
TXMD UA Equity,THERAPEUTICSMD
TXN UW Equity,TEXAS INSTRUMENT
TXRH UW Equity,TEXAS ROADHOUS
TXT UN Equity,TEXTRON INC
TXTR UN Equity,TEXTURA CORP
TYL UN Equity,TYLER TECHNOLOG
TYPE UW Equity,MONOTYPE IMAGING
TZOO UW Equity,TRAVELZOO INC
UA UN Equity,UNDER ARMOUR-A
UACL UW Equity,UNIVERSAL TRUCKL
UAL UN Equity,UNITED CONTINENT
UAM UN Equity,UNIVERSAL AMERIC
UBA UN Equity,URSTADT BIDDLE-A
UBNK UW Equity,UNITED FINANCIAL
UBNT UW Equity,UBIQUITI NETWORK
UBSH UW Equity,UNION FIRST MARK
UBSI UW Equity,UNITED BANKSHS
UCBI UW Equity,UNITED COMMUNITY
UCFC UW Equity,UNITED COMMTY FI
UCP UN Equity,UCP INC - CL A
UCTT UW Equity,ULTRA CLEAN HOLD
UDR UN Equity,UDR INC
UEC UA Equity,URANIUM ENERGY
UEIC UW Equity,UNIVERSAL ELEC
UFCS UW Equity,UNITED FIRE GROU
UFI UN Equity,UNIFI INC
UFPI UW Equity,UNIVERSAL FOREST
UFPT UR Equity,UFP TECHNOLOGIES
UFS UN Equity,DOMTAR CORP
UGI UN Equity,UGI CORP
UHAL UW Equity,AMERCO
UHS UN Equity,UNIVERSAL HLTH-B
UHT UN Equity,UNIVERSAL HEALTH
UIL UN Equity,UIL HLDGS CORP
UIS UN Equity,UNISYS CORP
ULTA UW Equity,ULTA SALON COSME
ULTI UW Equity,ULTIMATE SOFTWAR
ULTR UW Equity,ULTRAPETROL
UMBF UW Equity,UMB FINANCIAL
UMH UN Equity,UMH PROPERTIES I
UMPQ UW Equity,UMPQUA HOLDINGS
UNF UN Equity,UNIFIRST CORP/MA
UNFI UW Equity,UNITED NATURAL
UNH UN Equity,UNITEDHEALTH GRP
UNIS UQ Equity,UNILIFE CORP
UNM UN Equity,UNUM GROUP
UNP UN Equity,UNION PAC CORP
UNS UN Equity,UNS ENERGY CORP
UNT UN Equity,UNIT CORP
UNTD UW Equity,UNITED ONLINE
UNXL UR Equity,UNI-PIXEL INC
UPIP UW Equity,UNWIRED PLANET I
UPL UN Equity,ULTRA PETROLEUM
UPS UN Equity,UNITED PARCEL-B
URBN UW Equity,URBAN OUTFITTER
URG UA Equity,UR-ENERGY INC
URI UN Equity,UNITED RENTALS
URS UN Equity,URS CORP
USAP UW Equity,UNIVERSAL STAINL
USB UN Equity,US BANCORP
USCR UR Equity,US CONCRETE INC
USG UN Equity,USG CORP
USLM UQ Equity,US LIME & MINERA
USM UN Equity,US CELLULAR CORP
USMD UR Equity,USMD HOLDINGS IN
USMO UW Equity,USA MOBILITY INC
USNA UN Equity,USANA HEALTH SCI
USPH UN Equity,US PHYSICAL THER
USTR UW Equity,UNITED STATIONER
UTEK UW Equity,ULTRATECH INC
UTHR UW Equity,UNITED THERAPEUT
UTI UN Equity,UNIVERSAL TECHNI
UTIW UW Equity,UTI WORLDWIDE
UTL UN Equity,UNITIL CORP
UTMD UQ Equity,UTAH MEDICAL PRO
UTX UN Equity,UNITED TECH CORP
UVE UA Equity,UNIVERSAL INSURA
UVSP UW Equity,UNIVEST CORP/PA
UVV UN Equity,UNIVERSAL CORP
V UN Equity,VISA INC-CLASS A
VAC UN Equity,MARRIOTT VACATIO
VAL UN Equity,VALSPAR CORP
VAR UN Equity,VARIAN MEDICAL S
VASC UW Equity,VASCULAR SOLUTIO
VC UN Equity,VISTEON CORP
VCBI UW Equity,VIRGINIA COMM BA
VCI UN Equity,VALASSIS COMM
VCLK UW Equity,VALUECLICK INC
VCRA UN Equity,VOCERA COMMUNICA
VDSI UR Equity,VASCO DATA INTL
VECO UW Equity,VEECO INSTRUMENT
VFC UN Equity,VF CORP
VG UN Equity,VONAGE HOLDINGS
VGR UN Equity,VECTOR GROUP LTD
VHC UA Equity,VIRNETX HOLDING
VIAB UW Equity,VIACOM INC-B
VIAS UQ Equity,VIASYSTEMS GROUP
VICL UW Equity,VICAL INC
VICR UW Equity,VICOR CORP
VITC UW Equity,VITACOST.COM INC
VIVO UW Equity,MERIDIAN BIOSCI
VLCCF UW Equity,KNIGHTSBRIDGE TA
VLGEA UW Equity,VILLAGE SUPER -A
VLO UN Equity,VALERO ENERGY
VLY UN Equity,VALLEY NATL BANC
VMC UN Equity,VULCAN MATERIALS
VMI UN Equity,VALMONT INDS
VMW UN Equity,VMWARE INC-CL A
VNDA UQ Equity,VANDA PHARMACEUT
VNO UN Equity,VORNADO RLTY TST
VNTV UN Equity,VANTIV INC -CL A
VOCS UW Equity,VOCUS INC
VOLC UW Equity,VOLCANO CORP
VOXX UW Equity,VOXX INTERNATION
VOYA UN Equity,ING US INC
VPFG UW Equity,VIEWPOINT FINANC
VPG UN Equity,VISHAY PRECI
VPHM UW Equity,VIROPHARMA INC
VPRT UW Equity,VISTAPRINT NV
VR UN Equity,VALIDUS HOLDINGS
VRA UW Equity,VERA BRADLEY INC
VRNG UR Equity,VRINGO INC
VRNT UW Equity,VERINT SYSTEMS
VRSK UW Equity,VERISK ANALYTI-A
VRSN UW Equity,VERISIGN INC
VRTS UW Equity,VIRTUS INVEST
VRTU UW Equity,VIRTUSA CORP
VRTX UW Equity,VERTEX PHARM
VSAT UW Equity,VIASAT INC
VSB UA Equity,VANTAGESOUTH BAN
VSEC UW Equity,VSE CORP
VSH UN Equity,VISHAY INTERTECH
VSI UN Equity,VITAMIN SHOPPE
VSTM UQ Equity,VERASTEM INC
VTG UA Equity,VANTAGE DRILLING
VTR UN Equity,VENTAS INC
VVC UN Equity,VECTREN CORP
VVI UN Equity,VIAD CORP
VVTV UQ Equity,VALUEVISION ME-A
VVUS UW Equity,VIVUS INC
VZ UN Equity,VERIZON COMMUNIC
WAB UN Equity,WABTEC CORP
WABC UW Equity,WESTAMERICA BANC
WAC UN Equity,WALTER INVESTMEN
WAFD UW Equity,WASH FED
WAG UN Equity,WALGREEN CO
WAGE UN Equity,WAGEWORKS
WAIR UN Equity,WESCO AIRCRAFT H
WAL UN Equity,WESTERN ALLIANCE
WASH UW Equity,WASH TRUST BANC
WAT UN Equity,WATERS CORP
WBC UN Equity,WABCO HOLDINGS
WBCO UW Equity,WASH BANKING
WBMD UW Equity,WEBMD HEALTH COR
WBS UN Equity,WEBSTER FINL
WCC UN Equity,WESCO INTL
WCG UN Equity,WELLCARE HEALTH
WCIC UN Equity,WCI COMMUNITIES
WCN UN Equity,WASTE CONNECTION
WD UN Equity,WALKER & DUNLOP
WDAY UN Equity,WORKDAY INC-A
WDC UW Equity,WESTERN DIGITAL
WDFC UW Equity,WD-40 CO
WDR UN Equity,WADDELL & REED-A
WEC UN Equity,WISCONSIN ENERGY
WEN UW Equity,WENDY'S CO/THE
WERN UW Equity,WERNER ENT
WETF UQ Equity,WISDOMTREE INVES
WEX UN Equity,WEX INC
WEYS UW Equity,WEYCO GROUP
WFC UN Equity,WELLS FARGO & CO
WFD UW Equity,WESTFIELD FIN
WFM UW Equity,WHOLE FOODS MKT
WG UN Equity,WILLBROS GROUP
WGL UN Equity,WGL HLDGS INC
WGO UN Equity,WINNEBAGO INDS
WHF UW Equity,WHITEHORSE FINAN
WHG UN Equity,WESTWOOD HOLDING
WHR UN Equity,WHIRLPOOL CORP
WIBC UW Equity,WILSHIRE BANCORP
WIFI UW Equity,BOINGO WIRELESS
WIN UW Equity,WINDSTREAM HOLDI
WINA UQ Equity,WINMARK CORP
WIRE UW Equity,ENCORE WIRE
WLB UQ Equity,WESTMORELAND COA
WLH UN Equity,WILLIAM LYON-A
WLK UN Equity,WESTLAKE CHEMICA
WLL UN Equity,WHITING PETROLEU
WLP UN Equity,WELLPOINT INC
WLT UN Equity,WALTER ENERGY
WM UN Equity,WASTE MANAGEMENT
WMAR UW Equity,WEST MARINE INC
WMB UN Equity,WILLIAMS COS INC
WMC UN Equity,WESTERN ASSET MO
WMGI UW Equity,WRIGHT MED GROUP
WMK UN Equity,WEIS MARKETS INC
WMT UN Equity,WAL-MART STORES
WNC UN Equity,WABASH NATIONAL
WNR UN Equity,WESTERN REFINING
WOOF UW Equity,VCA ANTECH INC
WOR UN Equity,WORTHINGTON INDS
WPC UN Equity,WP CAREY INC
WPO UN Equity,WASHINGTON POS-B
WPP UN Equity,WAUSAU PAPER COR
WPX UN Equity,WPX ENERGY
WR UN Equity,WESTAR ENERGY IN
WRB UN Equity,WR BERKLEY CORP
WRE UN Equity,WASHINGTON REIT
WRES UW Equity,WARREN RESOURCES
WRI UN Equity,WEINGARTEN RLTY
WRLD UW Equity,WORLD ACCEPTANCE
WSBC UW Equity,WESBANCO INC
WSBF UW Equity,WATERSTONE FINAN
WSFS UW Equity,WSFS FINANCIAL
WSM UN Equity,WILLIAMS-SONOMA
WSO UN Equity,WATSCO INC
WSR UN Equity,WHITESTONE REI
WST UN Equity,WEST PHARMACEUT
WSTC UW Equity,WEST CORP
WSTL UW Equity,WESTELL TECH-A
WTBA UW Equity,WEST BANCORP
WTFC UW Equity,WINTRUST FINL
WTI UN Equity,W&T OFFSHORE INC
WTM UN Equity,WHITE MOUNTAINS
WTR UN Equity,AQUA AMERICA INC
WTS UN Equity,WATTS WATER TE-A
WTSL UW Equity,WET SEAL INC -A
WTW UN Equity,WEIGHT WATCHERS
WU UN Equity,WESTERN UNION
WWAV UN Equity,WHITEWAVE FOOD-A
WWD UW Equity,WOODWARD INC
WWE UN Equity,WORLD WRESTLIN-A
WWW UN Equity,WOLVERINE WORLD
WWWW UW Equity,WEB.COM GROUP
WY UN Equity,WEYERHAEUSER CO
WYN UN Equity,WYNDHAM WORLDWID
WYNN UW Equity,WYNN RESORTS LTD
X UN Equity,US STEEL CORP
XCO UN Equity,EXCO RESOURCES I
XEC UN Equity,CIMAREX ENERGY C
XEL UN Equity,XCEL ENERGY INC
XL UN Equity,XL GROUP PLC
XLNX UW Equity,XILINX INC
XLS UN Equity,EXELIS INC
XNPT UW Equity,XENOPORT INC
XOM UN Equity,EXXON MOBIL CORP
XOMA UQ Equity,XOMA CORP
XON UN Equity,INTREXON CORP
XONE UQ Equity,EXONE CO/THE
XOOM UW Equity,XOOM CORP
XOXO UN Equity,XO GROUP INC
XPO UN Equity,XPO LOGISTICS IN
XRAY UW Equity,DENTSPLY INTL
XRM UN Equity,XERIUM TECHNOLOG
XRX UN Equity,XEROX CORP
XTXI UW Equity,CROSSTEX ENERGY
XXIA UW Equity,IXIA
XYL UN Equity,XYLEM INC
Y UN Equity,ALLEGHANY CORP
YDKN UW Equity,YADKIN FINANCIAL
YELP UN Equity,YELP INC
YHOO UW Equity,YAHOO! INC
YORW UW Equity,YORK WATER CO
YRCW UW Equity,YRC WORLDWIDE IN
YUM UN Equity,YUM! BRANDS INC
YUME UN Equity,YUME INC
Z UW Equity,ZILLOW INC-CL A
ZAGG UW Equity,ZAGG INC
ZAZA UQ Equity,ZAZA ENERGY CORP
ZBRA UW Equity,ZEBRA TECH CORP
ZEP UN Equity,ZEP INC
ZEUS UW Equity,OLYMPIC STEEL
ZFC UN Equity,ZAIS FINANCIAL C
ZGNX UQ Equity,ZOGENIX INC
ZIGO UW Equity,ZYGO CORP
ZINC UW Equity,HORSEHEAD HOLDIN
ZION UW Equity,ZIONS BANCORP
ZIOP UR Equity,ZIOPHARM ONCOLOG
ZIXI UW Equity,ZIX CORP
ZLC UN Equity,ZALE CORP
ZLTQ UW Equity,ZELTIQ AESTHETIC
ZMH UN Equity,ZIMMER HLDGS
ZNGA UW Equity,ZYNGA INC- CL A
ZOLT UW Equity,ZOLTEK COS
ZQK UN Equity,QUIKSILVER INC
ZTS UN Equity,ZOETIS INC
ZUMZ UW Equity,ZUMIEZ INC
